# coset graph of the binary Golay code [23,12,7]: 2048 vertices, 23552 edges
0 1
0 2
0 3
0 4
0 5
0 6
0 7
0 8
0 9
0 10
0 11
0 12
0 13
0 14
0 15
0 16
0 17
0 18
0 19
0 20
0 21
0 22
0 23
1 24
1 25
1 26
1 27
1 28
1 29
1 30
1 31
1 32
1 33
1 34
1 35
1 36
1 37
1 38
1 39
1 40
1 41
1 42
1 43
1 44
1 45
2 24
2 46
2 47
2 48
2 49
2 50
2 51
2 52
2 53
2 54
2 55
2 56
2 57
2 58
2 59
2 60
2 61
2 62
2 63
2 64
2 65
2 66
3 25
3 46
3 67
3 68
3 69
3 70
3 71
3 72
3 73
3 74
3 75
3 76
3 77
3 78
3 79
3 80
3 81
3 82
3 83
3 84
3 85
3 86
4 26
4 47
4 67
4 87
4 88
4 89
4 90
4 91
4 92
4 93
4 94
4 95
4 96
4 97
4 98
4 99
4 100
4 101
4 102
4 103
4 104
4 105
5 27
5 48
5 68
5 87
5 106
5 107
5 108
5 109
5 110
5 111
5 112
5 113
5 114
5 115
5 116
5 117
5 118
5 119
5 120
5 121
5 122
5 123
6 28
6 49
6 69
6 88
6 106
6 124
6 125
6 126
6 127
6 128
6 129
6 130
6 131
6 132
6 133
6 134
6 135
6 136
6 137
6 138
6 139
6 140
7 29
7 50
7 70
7 89
7 107
7 124
7 141
7 142
7 143
7 144
7 145
7 146
7 147
7 148
7 149
7 150
7 151
7 152
7 153
7 154
7 155
7 156
8 30
8 51
8 71
8 90
8 108
8 125
8 141
8 157
8 158
8 159
8 160
8 161
8 162
8 163
8 164
8 165
8 166
8 167
8 168
8 169
8 170
8 171
9 31
9 52
9 72
9 91
9 109
9 126
9 142
9 157
9 172
9 173
9 174
9 175
9 176
9 177
9 178
9 179
9 180
9 181
9 182
9 183
9 184
9 185
10 32
10 53
10 73
10 92
10 110
10 127
10 143
10 158
10 172
10 186
10 187
10 188
10 189
10 190
10 191
10 192
10 193
10 194
10 195
10 196
10 197
10 198
11 33
11 54
11 74
11 93
11 111
11 128
11 144
11 159
11 173
11 186
11 199
11 200
11 201
11 202
11 203
11 204
11 205
11 206
11 207
11 208
11 209
11 210
12 34
12 55
12 75
12 94
12 112
12 129
12 145
12 160
12 174
12 187
12 199
12 211
12 212
12 213
12 214
12 215
12 216
12 217
12 218
12 219
12 220
12 221
13 35
13 56
13 76
13 95
13 113
13 130
13 146
13 161
13 175
13 188
13 200
13 211
13 222
13 223
13 224
13 225
13 226
13 227
13 228
13 229
13 230
13 231
14 36
14 57
14 77
14 96
14 114
14 131
14 147
14 162
14 176
14 189
14 201
14 212
14 222
14 232
14 233
14 234
14 235
14 236
14 237
14 238
14 239
14 240
15 37
15 58
15 78
15 97
15 115
15 132
15 148
15 163
15 177
15 190
15 202
15 213
15 223
15 232
15 241
15 242
15 243
15 244
15 245
15 246
15 247
15 248
16 38
16 59
16 79
16 98
16 116
16 133
16 149
16 164
16 178
16 191
16 203
16 214
16 224
16 233
16 241
16 249
16 250
16 251
16 252
16 253
16 254
16 255
17 39
17 60
17 80
17 99
17 117
17 134
17 150
17 165
17 179
17 192
17 204
17 215
17 225
17 234
17 242
17 249
17 256
17 257
17 258
17 259
17 260
17 261
18 40
18 61
18 81
18 100
18 118
18 135
18 151
18 166
18 180
18 193
18 205
18 216
18 226
18 235
18 243
18 250
18 256
18 262
18 263
18 264
18 265
18 266
19 41
19 62
19 82
19 101
19 119
19 136
19 152
19 167
19 181
19 194
19 206
19 217
19 227
19 236
19 244
19 251
19 257
19 262
19 267
19 268
19 269
19 270
20 42
20 63
20 83
20 102
20 120
20 137
20 153
20 168
20 182
20 195
20 207
20 218
20 228
20 237
20 245
20 252
20 258
20 263
20 267
20 271
20 272
20 273
21 43
21 64
21 84
21 103
21 121
21 138
21 154
21 169
21 183
21 196
21 208
21 219
21 229
21 238
21 246
21 253
21 259
21 264
21 268
21 271
21 274
21 275
22 44
22 65
22 85
22 104
22 122
22 139
22 155
22 170
22 184
22 197
22 209
22 220
22 230
22 239
22 247
22 254
22 260
22 265
22 269
22 272
22 274
22 276
23 45
23 66
23 86
23 105
23 123
23 140
23 156
23 171
23 185
23 198
23 210
23 221
23 231
23 240
23 248
23 255
23 261
23 266
23 270
23 273
23 275
23 276
24 277
24 278
24 279
24 280
24 281
24 282
24 283
24 284
24 285
24 286
24 287
24 288
24 289
24 290
24 291
24 292
24 293
24 294
24 295
24 296
24 297
25 277
25 298
25 299
25 300
25 301
25 302
25 303
25 304
25 305
25 306
25 307
25 308
25 309
25 310
25 311
25 312
25 313
25 314
25 315
25 316
25 317
26 278
26 298
26 318
26 319
26 320
26 321
26 322
26 323
26 324
26 325
26 326
26 327
26 328
26 329
26 330
26 331
26 332
26 333
26 334
26 335
26 336
27 279
27 299
27 318
27 337
27 338
27 339
27 340
27 341
27 342
27 343
27 344
27 345
27 346
27 347
27 348
27 349
27 350
27 351
27 352
27 353
27 354
28 280
28 300
28 319
28 337
28 355
28 356
28 357
28 358
28 359
28 360
28 361
28 362
28 363
28 364
28 365
28 366
28 367
28 368
28 369
28 370
28 371
29 281
29 301
29 320
29 338
29 355
29 372
29 373
29 374
29 375
29 376
29 377
29 378
29 379
29 380
29 381
29 382
29 383
29 384
29 385
29 386
29 387
30 282
30 302
30 321
30 339
30 356
30 372
30 388
30 389
30 390
30 391
30 392
30 393
30 394
30 395
30 396
30 397
30 398
30 399
30 400
30 401
30 402
31 283
31 303
31 322
31 340
31 357
31 373
31 388
31 403
31 404
31 405
31 406
31 407
31 408
31 409
31 410
31 411
31 412
31 413
31 414
31 415
31 416
32 284
32 304
32 323
32 341
32 358
32 374
32 389
32 403
32 417
32 418
32 419
32 420
32 421
32 422
32 423
32 424
32 425
32 426
32 427
32 428
32 429
33 285
33 305
33 324
33 342
33 359
33 375
33 390
33 404
33 417
33 430
33 431
33 432
33 433
33 434
33 435
33 436
33 437
33 438
33 439
33 440
33 441
34 286
34 306
34 325
34 343
34 360
34 376
34 391
34 405
34 418
34 430
34 442
34 443
34 444
34 445
34 446
34 447
34 448
34 449
34 450
34 451
34 452
35 287
35 307
35 326
35 344
35 361
35 377
35 392
35 406
35 419
35 431
35 442
35 453
35 454
35 455
35 456
35 457
35 458
35 459
35 460
35 461
35 462
36 288
36 308
36 327
36 345
36 362
36 378
36 393
36 407
36 420
36 432
36 443
36 453
36 463
36 464
36 465
36 466
36 467
36 468
36 469
36 470
36 471
37 289
37 309
37 328
37 346
37 363
37 379
37 394
37 408
37 421
37 433
37 444
37 454
37 463
37 472
37 473
37 474
37 475
37 476
37 477
37 478
37 479
38 290
38 310
38 329
38 347
38 364
38 380
38 395
38 409
38 422
38 434
38 445
38 455
38 464
38 472
38 480
38 481
38 482
38 483
38 484
38 485
38 486
39 291
39 311
39 330
39 348
39 365
39 381
39 396
39 410
39 423
39 435
39 446
39 456
39 465
39 473
39 480
39 487
39 488
39 489
39 490
39 491
39 492
40 292
40 312
40 331
40 349
40 366
40 382
40 397
40 411
40 424
40 436
40 447
40 457
40 466
40 474
40 481
40 487
40 493
40 494
40 495
40 496
40 497
41 293
41 313
41 332
41 350
41 367
41 383
41 398
41 412
41 425
41 437
41 448
41 458
41 467
41 475
41 482
41 488
41 493
41 498
41 499
41 500
41 501
42 294
42 314
42 333
42 351
42 368
42 384
42 399
42 413
42 426
42 438
42 449
42 459
42 468
42 476
42 483
42 489
42 494
42 498
42 502
42 503
42 504
43 295
43 315
43 334
43 352
43 369
43 385
43 400
43 414
43 427
43 439
43 450
43 460
43 469
43 477
43 484
43 490
43 495
43 499
43 502
43 505
43 506
44 296
44 316
44 335
44 353
44 370
44 386
44 401
44 415
44 428
44 440
44 451
44 461
44 470
44 478
44 485
44 491
44 496
44 500
44 503
44 505
44 507
45 297
45 317
45 336
45 354
45 371
45 387
45 402
45 416
45 429
45 441
45 452
45 462
45 471
45 479
45 486
45 492
45 497
45 501
45 504
45 506
45 507
46 277
46 508
46 509
46 510
46 511
46 512
46 513
46 514
46 515
46 516
46 517
46 518
46 519
46 520
46 521
46 522
46 523
46 524
46 525
46 526
46 527
47 278
47 508
47 528
47 529
47 530
47 531
47 532
47 533
47 534
47 535
47 536
47 537
47 538
47 539
47 540
47 541
47 542
47 543
47 544
47 545
47 546
48 279
48 509
48 528
48 547
48 548
48 549
48 550
48 551
48 552
48 553
48 554
48 555
48 556
48 557
48 558
48 559
48 560
48 561
48 562
48 563
48 564
49 280
49 510
49 529
49 547
49 565
49 566
49 567
49 568
49 569
49 570
49 571
49 572
49 573
49 574
49 575
49 576
49 577
49 578
49 579
49 580
49 581
50 281
50 511
50 530
50 548
50 565
50 582
50 583
50 584
50 585
50 586
50 587
50 588
50 589
50 590
50 591
50 592
50 593
50 594
50 595
50 596
50 597
51 282
51 512
51 531
51 549
51 566
51 582
51 598
51 599
51 600
51 601
51 602
51 603
51 604
51 605
51 606
51 607
51 608
51 609
51 610
51 611
51 612
52 283
52 513
52 532
52 550
52 567
52 583
52 598
52 613
52 614
52 615
52 616
52 617
52 618
52 619
52 620
52 621
52 622
52 623
52 624
52 625
52 626
53 284
53 514
53 533
53 551
53 568
53 584
53 599
53 613
53 627
53 628
53 629
53 630
53 631
53 632
53 633
53 634
53 635
53 636
53 637
53 638
53 639
54 285
54 515
54 534
54 552
54 569
54 585
54 600
54 614
54 627
54 640
54 641
54 642
54 643
54 644
54 645
54 646
54 647
54 648
54 649
54 650
54 651
55 286
55 516
55 535
55 553
55 570
55 586
55 601
55 615
55 628
55 640
55 652
55 653
55 654
55 655
55 656
55 657
55 658
55 659
55 660
55 661
55 662
56 287
56 517
56 536
56 554
56 571
56 587
56 602
56 616
56 629
56 641
56 652
56 663
56 664
56 665
56 666
56 667
56 668
56 669
56 670
56 671
56 672
57 288
57 518
57 537
57 555
57 572
57 588
57 603
57 617
57 630
57 642
57 653
57 663
57 673
57 674
57 675
57 676
57 677
57 678
57 679
57 680
57 681
58 289
58 519
58 538
58 556
58 573
58 589
58 604
58 618
58 631
58 643
58 654
58 664
58 673
58 682
58 683
58 684
58 685
58 686
58 687
58 688
58 689
59 290
59 520
59 539
59 557
59 574
59 590
59 605
59 619
59 632
59 644
59 655
59 665
59 674
59 682
59 690
59 691
59 692
59 693
59 694
59 695
59 696
60 291
60 521
60 540
60 558
60 575
60 591
60 606
60 620
60 633
60 645
60 656
60 666
60 675
60 683
60 690
60 697
60 698
60 699
60 700
60 701
60 702
61 292
61 522
61 541
61 559
61 576
61 592
61 607
61 621
61 634
61 646
61 657
61 667
61 676
61 684
61 691
61 697
61 703
61 704
61 705
61 706
61 707
62 293
62 523
62 542
62 560
62 577
62 593
62 608
62 622
62 635
62 647
62 658
62 668
62 677
62 685
62 692
62 698
62 703
62 708
62 709
62 710
62 711
63 294
63 524
63 543
63 561
63 578
63 594
63 609
63 623
63 636
63 648
63 659
63 669
63 678
63 686
63 693
63 699
63 704
63 708
63 712
63 713
63 714
64 295
64 525
64 544
64 562
64 579
64 595
64 610
64 624
64 637
64 649
64 660
64 670
64 679
64 687
64 694
64 700
64 705
64 709
64 712
64 715
64 716
65 296
65 526
65 545
65 563
65 580
65 596
65 611
65 625
65 638
65 650
65 661
65 671
65 680
65 688
65 695
65 701
65 706
65 710
65 713
65 715
65 717
66 297
66 527
66 546
66 564
66 581
66 597
66 612
66 626
66 639
66 651
66 662
66 672
66 681
66 689
66 696
66 702
66 707
66 711
66 714
66 716
66 717
67 298
67 508
67 718
67 719
67 720
67 721
67 722
67 723
67 724
67 725
67 726
67 727
67 728
67 729
67 730
67 731
67 732
67 733
67 734
67 735
67 736
68 299
68 509
68 718
68 737
68 738
68 739
68 740
68 741
68 742
68 743
68 744
68 745
68 746
68 747
68 748
68 749
68 750
68 751
68 752
68 753
68 754
69 300
69 510
69 719
69 737
69 755
69 756
69 757
69 758
69 759
69 760
69 761
69 762
69 763
69 764
69 765
69 766
69 767
69 768
69 769
69 770
69 771
70 301
70 511
70 720
70 738
70 755
70 772
70 773
70 774
70 775
70 776
70 777
70 778
70 779
70 780
70 781
70 782
70 783
70 784
70 785
70 786
70 787
71 302
71 512
71 721
71 739
71 756
71 772
71 788
71 789
71 790
71 791
71 792
71 793
71 794
71 795
71 796
71 797
71 798
71 799
71 800
71 801
71 802
72 303
72 513
72 722
72 740
72 757
72 773
72 788
72 803
72 804
72 805
72 806
72 807
72 808
72 809
72 810
72 811
72 812
72 813
72 814
72 815
72 816
73 304
73 514
73 723
73 741
73 758
73 774
73 789
73 803
73 817
73 818
73 819
73 820
73 821
73 822
73 823
73 824
73 825
73 826
73 827
73 828
73 829
74 305
74 515
74 724
74 742
74 759
74 775
74 790
74 804
74 817
74 830
74 831
74 832
74 833
74 834
74 835
74 836
74 837
74 838
74 839
74 840
74 841
75 306
75 516
75 725
75 743
75 760
75 776
75 791
75 805
75 818
75 830
75 842
75 843
75 844
75 845
75 846
75 847
75 848
75 849
75 850
75 851
75 852
76 307
76 517
76 726
76 744
76 761
76 777
76 792
76 806
76 819
76 831
76 842
76 853
76 854
76 855
76 856
76 857
76 858
76 859
76 860
76 861
76 862
77 308
77 518
77 727
77 745
77 762
77 778
77 793
77 807
77 820
77 832
77 843
77 853
77 863
77 864
77 865
77 866
77 867
77 868
77 869
77 870
77 871
78 309
78 519
78 728
78 746
78 763
78 779
78 794
78 808
78 821
78 833
78 844
78 854
78 863
78 872
78 873
78 874
78 875
78 876
78 877
78 878
78 879
79 310
79 520
79 729
79 747
79 764
79 780
79 795
79 809
79 822
79 834
79 845
79 855
79 864
79 872
79 880
79 881
79 882
79 883
79 884
79 885
79 886
80 311
80 521
80 730
80 748
80 765
80 781
80 796
80 810
80 823
80 835
80 846
80 856
80 865
80 873
80 880
80 887
80 888
80 889
80 890
80 891
80 892
81 312
81 522
81 731
81 749
81 766
81 782
81 797
81 811
81 824
81 836
81 847
81 857
81 866
81 874
81 881
81 887
81 893
81 894
81 895
81 896
81 897
82 313
82 523
82 732
82 750
82 767
82 783
82 798
82 812
82 825
82 837
82 848
82 858
82 867
82 875
82 882
82 888
82 893
82 898
82 899
82 900
82 901
83 314
83 524
83 733
83 751
83 768
83 784
83 799
83 813
83 826
83 838
83 849
83 859
83 868
83 876
83 883
83 889
83 894
83 898
83 902
83 903
83 904
84 315
84 525
84 734
84 752
84 769
84 785
84 800
84 814
84 827
84 839
84 850
84 860
84 869
84 877
84 884
84 890
84 895
84 899
84 902
84 905
84 906
85 316
85 526
85 735
85 753
85 770
85 786
85 801
85 815
85 828
85 840
85 851
85 861
85 870
85 878
85 885
85 891
85 896
85 900
85 903
85 905
85 907
86 317
86 527
86 736
86 754
86 771
86 787
86 802
86 816
86 829
86 841
86 852
86 862
86 871
86 879
86 886
86 892
86 897
86 901
86 904
86 906
86 907
87 318
87 528
87 718
87 908
87 909
87 910
87 911
87 912
87 913
87 914
87 915
87 916
87 917
87 918
87 919
87 920
87 921
87 922
87 923
87 924
87 925
88 319
88 529
88 719
88 908
88 926
88 927
88 928
88 929
88 930
88 931
88 932
88 933
88 934
88 935
88 936
88 937
88 938
88 939
88 940
88 941
88 942
89 320
89 530
89 720
89 909
89 926
89 943
89 944
89 945
89 946
89 947
89 948
89 949
89 950
89 951
89 952
89 953
89 954
89 955
89 956
89 957
89 958
90 321
90 531
90 721
90 910
90 927
90 943
90 959
90 960
90 961
90 962
90 963
90 964
90 965
90 966
90 967
90 968
90 969
90 970
90 971
90 972
90 973
91 322
91 532
91 722
91 911
91 928
91 944
91 959
91 974
91 975
91 976
91 977
91 978
91 979
91 980
91 981
91 982
91 983
91 984
91 985
91 986
91 987
92 323
92 533
92 723
92 912
92 929
92 945
92 960
92 974
92 988
92 989
92 990
92 991
92 992
92 993
92 994
92 995
92 996
92 997
92 998
92 999
92 1000
93 324
93 534
93 724
93 913
93 930
93 946
93 961
93 975
93 988
93 1001
93 1002
93 1003
93 1004
93 1005
93 1006
93 1007
93 1008
93 1009
93 1010
93 1011
93 1012
94 325
94 535
94 725
94 914
94 931
94 947
94 962
94 976
94 989
94 1001
94 1013
94 1014
94 1015
94 1016
94 1017
94 1018
94 1019
94 1020
94 1021
94 1022
94 1023
95 326
95 536
95 726
95 915
95 932
95 948
95 963
95 977
95 990
95 1002
95 1013
95 1024
95 1025
95 1026
95 1027
95 1028
95 1029
95 1030
95 1031
95 1032
95 1033
96 327
96 537
96 727
96 916
96 933
96 949
96 964
96 978
96 991
96 1003
96 1014
96 1024
96 1034
96 1035
96 1036
96 1037
96 1038
96 1039
96 1040
96 1041
96 1042
97 328
97 538
97 728
97 917
97 934
97 950
97 965
97 979
97 992
97 1004
97 1015
97 1025
97 1034
97 1043
97 1044
97 1045
97 1046
97 1047
97 1048
97 1049
97 1050
98 329
98 539
98 729
98 918
98 935
98 951
98 966
98 980
98 993
98 1005
98 1016
98 1026
98 1035
98 1043
98 1051
98 1052
98 1053
98 1054
98 1055
98 1056
98 1057
99 330
99 540
99 730
99 919
99 936
99 952
99 967
99 981
99 994
99 1006
99 1017
99 1027
99 1036
99 1044
99 1051
99 1058
99 1059
99 1060
99 1061
99 1062
99 1063
100 331
100 541
100 731
100 920
100 937
100 953
100 968
100 982
100 995
100 1007
100 1018
100 1028
100 1037
100 1045
100 1052
100 1058
100 1064
100 1065
100 1066
100 1067
100 1068
101 332
101 542
101 732
101 921
101 938
101 954
101 969
101 983
101 996
101 1008
101 1019
101 1029
101 1038
101 1046
101 1053
101 1059
101 1064
101 1069
101 1070
101 1071
101 1072
102 333
102 543
102 733
102 922
102 939
102 955
102 970
102 984
102 997
102 1009
102 1020
102 1030
102 1039
102 1047
102 1054
102 1060
102 1065
102 1069
102 1073
102 1074
102 1075
103 334
103 544
103 734
103 923
103 940
103 956
103 971
103 985
103 998
103 1010
103 1021
103 1031
103 1040
103 1048
103 1055
103 1061
103 1066
103 1070
103 1073
103 1076
103 1077
104 335
104 545
104 735
104 924
104 941
104 957
104 972
104 986
104 999
104 1011
104 1022
104 1032
104 1041
104 1049
104 1056
104 1062
104 1067
104 1071
104 1074
104 1076
104 1078
105 336
105 546
105 736
105 925
105 942
105 958
105 973
105 987
105 1000
105 1012
105 1023
105 1033
105 1042
105 1050
105 1057
105 1063
105 1068
105 1072
105 1075
105 1077
105 1078
106 337
106 547
106 737
106 908
106 1079
106 1080
106 1081
106 1082
106 1083
106 1084
106 1085
106 1086
106 1087
106 1088
106 1089
106 1090
106 1091
106 1092
106 1093
106 1094
106 1095
107 338
107 548
107 738
107 909
107 1079
107 1096
107 1097
107 1098
107 1099
107 1100
107 1101
107 1102
107 1103
107 1104
107 1105
107 1106
107 1107
107 1108
107 1109
107 1110
107 1111
108 339
108 549
108 739
108 910
108 1080
108 1096
108 1112
108 1113
108 1114
108 1115
108 1116
108 1117
108 1118
108 1119
108 1120
108 1121
108 1122
108 1123
108 1124
108 1125
108 1126
109 340
109 550
109 740
109 911
109 1081
109 1097
109 1112
109 1127
109 1128
109 1129
109 1130
109 1131
109 1132
109 1133
109 1134
109 1135
109 1136
109 1137
109 1138
109 1139
109 1140
110 341
110 551
110 741
110 912
110 1082
110 1098
110 1113
110 1127
110 1141
110 1142
110 1143
110 1144
110 1145
110 1146
110 1147
110 1148
110 1149
110 1150
110 1151
110 1152
110 1153
111 342
111 552
111 742
111 913
111 1083
111 1099
111 1114
111 1128
111 1141
111 1154
111 1155
111 1156
111 1157
111 1158
111 1159
111 1160
111 1161
111 1162
111 1163
111 1164
111 1165
112 343
112 553
112 743
112 914
112 1084
112 1100
112 1115
112 1129
112 1142
112 1154
112 1166
112 1167
112 1168
112 1169
112 1170
112 1171
112 1172
112 1173
112 1174
112 1175
112 1176
113 344
113 554
113 744
113 915
113 1085
113 1101
113 1116
113 1130
113 1143
113 1155
113 1166
113 1177
113 1178
113 1179
113 1180
113 1181
113 1182
113 1183
113 1184
113 1185
113 1186
114 345
114 555
114 745
114 916
114 1086
114 1102
114 1117
114 1131
114 1144
114 1156
114 1167
114 1177
114 1187
114 1188
114 1189
114 1190
114 1191
114 1192
114 1193
114 1194
114 1195
115 346
115 556
115 746
115 917
115 1087
115 1103
115 1118
115 1132
115 1145
115 1157
115 1168
115 1178
115 1187
115 1196
115 1197
115 1198
115 1199
115 1200
115 1201
115 1202
115 1203
116 347
116 557
116 747
116 918
116 1088
116 1104
116 1119
116 1133
116 1146
116 1158
116 1169
116 1179
116 1188
116 1196
116 1204
116 1205
116 1206
116 1207
116 1208
116 1209
116 1210
117 348
117 558
117 748
117 919
117 1089
117 1105
117 1120
117 1134
117 1147
117 1159
117 1170
117 1180
117 1189
117 1197
117 1204
117 1211
117 1212
117 1213
117 1214
117 1215
117 1216
118 349
118 559
118 749
118 920
118 1090
118 1106
118 1121
118 1135
118 1148
118 1160
118 1171
118 1181
118 1190
118 1198
118 1205
118 1211
118 1217
118 1218
118 1219
118 1220
118 1221
119 350
119 560
119 750
119 921
119 1091
119 1107
119 1122
119 1136
119 1149
119 1161
119 1172
119 1182
119 1191
119 1199
119 1206
119 1212
119 1217
119 1222
119 1223
119 1224
119 1225
120 351
120 561
120 751
120 922
120 1092
120 1108
120 1123
120 1137
120 1150
120 1162
120 1173
120 1183
120 1192
120 1200
120 1207
120 1213
120 1218
120 1222
120 1226
120 1227
120 1228
121 352
121 562
121 752
121 923
121 1093
121 1109
121 1124
121 1138
121 1151
121 1163
121 1174
121 1184
121 1193
121 1201
121 1208
121 1214
121 1219
121 1223
121 1226
121 1229
121 1230
122 353
122 563
122 753
122 924
122 1094
122 1110
122 1125
122 1139
122 1152
122 1164
122 1175
122 1185
122 1194
122 1202
122 1209
122 1215
122 1220
122 1224
122 1227
122 1229
122 1231
123 354
123 564
123 754
123 925
123 1095
123 1111
123 1126
123 1140
123 1153
123 1165
123 1176
123 1186
123 1195
123 1203
123 1210
123 1216
123 1221
123 1225
123 1228
123 1230
123 1231
124 355
124 565
124 755
124 926
124 1079
124 1232
124 1233
124 1234
124 1235
124 1236
124 1237
124 1238
124 1239
124 1240
124 1241
124 1242
124 1243
124 1244
124 1245
124 1246
124 1247
125 356
125 566
125 756
125 927
125 1080
125 1232
125 1248
125 1249
125 1250
125 1251
125 1252
125 1253
125 1254
125 1255
125 1256
125 1257
125 1258
125 1259
125 1260
125 1261
125 1262
126 357
126 567
126 757
126 928
126 1081
126 1233
126 1248
126 1263
126 1264
126 1265
126 1266
126 1267
126 1268
126 1269
126 1270
126 1271
126 1272
126 1273
126 1274
126 1275
126 1276
127 358
127 568
127 758
127 929
127 1082
127 1234
127 1249
127 1263
127 1277
127 1278
127 1279
127 1280
127 1281
127 1282
127 1283
127 1284
127 1285
127 1286
127 1287
127 1288
127 1289
128 359
128 569
128 759
128 930
128 1083
128 1235
128 1250
128 1264
128 1277
128 1290
128 1291
128 1292
128 1293
128 1294
128 1295
128 1296
128 1297
128 1298
128 1299
128 1300
128 1301
129 360
129 570
129 760
129 931
129 1084
129 1236
129 1251
129 1265
129 1278
129 1290
129 1302
129 1303
129 1304
129 1305
129 1306
129 1307
129 1308
129 1309
129 1310
129 1311
129 1312
130 361
130 571
130 761
130 932
130 1085
130 1237
130 1252
130 1266
130 1279
130 1291
130 1302
130 1313
130 1314
130 1315
130 1316
130 1317
130 1318
130 1319
130 1320
130 1321
130 1322
131 362
131 572
131 762
131 933
131 1086
131 1238
131 1253
131 1267
131 1280
131 1292
131 1303
131 1313
131 1323
131 1324
131 1325
131 1326
131 1327
131 1328
131 1329
131 1330
131 1331
132 363
132 573
132 763
132 934
132 1087
132 1239
132 1254
132 1268
132 1281
132 1293
132 1304
132 1314
132 1323
132 1332
132 1333
132 1334
132 1335
132 1336
132 1337
132 1338
132 1339
133 364
133 574
133 764
133 935
133 1088
133 1240
133 1255
133 1269
133 1282
133 1294
133 1305
133 1315
133 1324
133 1332
133 1340
133 1341
133 1342
133 1343
133 1344
133 1345
133 1346
134 365
134 575
134 765
134 936
134 1089
134 1241
134 1256
134 1270
134 1283
134 1295
134 1306
134 1316
134 1325
134 1333
134 1340
134 1347
134 1348
134 1349
134 1350
134 1351
134 1352
135 366
135 576
135 766
135 937
135 1090
135 1242
135 1257
135 1271
135 1284
135 1296
135 1307
135 1317
135 1326
135 1334
135 1341
135 1347
135 1353
135 1354
135 1355
135 1356
135 1357
136 367
136 577
136 767
136 938
136 1091
136 1243
136 1258
136 1272
136 1285
136 1297
136 1308
136 1318
136 1327
136 1335
136 1342
136 1348
136 1353
136 1358
136 1359
136 1360
136 1361
137 368
137 578
137 768
137 939
137 1092
137 1244
137 1259
137 1273
137 1286
137 1298
137 1309
137 1319
137 1328
137 1336
137 1343
137 1349
137 1354
137 1358
137 1362
137 1363
137 1364
138 369
138 579
138 769
138 940
138 1093
138 1245
138 1260
138 1274
138 1287
138 1299
138 1310
138 1320
138 1329
138 1337
138 1344
138 1350
138 1355
138 1359
138 1362
138 1365
138 1366
139 370
139 580
139 770
139 941
139 1094
139 1246
139 1261
139 1275
139 1288
139 1300
139 1311
139 1321
139 1330
139 1338
139 1345
139 1351
139 1356
139 1360
139 1363
139 1365
139 1367
140 371
140 581
140 771
140 942
140 1095
140 1247
140 1262
140 1276
140 1289
140 1301
140 1312
140 1322
140 1331
140 1339
140 1346
140 1352
140 1357
140 1361
140 1364
140 1366
140 1367
141 372
141 582
141 772
141 943
141 1096
141 1232
141 1368
141 1369
141 1370
141 1371
141 1372
141 1373
141 1374
141 1375
141 1376
141 1377
141 1378
141 1379
141 1380
141 1381
141 1382
142 373
142 583
142 773
142 944
142 1097
142 1233
142 1368
142 1383
142 1384
142 1385
142 1386
142 1387
142 1388
142 1389
142 1390
142 1391
142 1392
142 1393
142 1394
142 1395
142 1396
143 374
143 584
143 774
143 945
143 1098
143 1234
143 1369
143 1383
143 1397
143 1398
143 1399
143 1400
143 1401
143 1402
143 1403
143 1404
143 1405
143 1406
143 1407
143 1408
143 1409
144 375
144 585
144 775
144 946
144 1099
144 1235
144 1370
144 1384
144 1397
144 1410
144 1411
144 1412
144 1413
144 1414
144 1415
144 1416
144 1417
144 1418
144 1419
144 1420
144 1421
145 376
145 586
145 776
145 947
145 1100
145 1236
145 1371
145 1385
145 1398
145 1410
145 1422
145 1423
145 1424
145 1425
145 1426
145 1427
145 1428
145 1429
145 1430
145 1431
145 1432
146 377
146 587
146 777
146 948
146 1101
146 1237
146 1372
146 1386
146 1399
146 1411
146 1422
146 1433
146 1434
146 1435
146 1436
146 1437
146 1438
146 1439
146 1440
146 1441
146 1442
147 378
147 588
147 778
147 949
147 1102
147 1238
147 1373
147 1387
147 1400
147 1412
147 1423
147 1433
147 1443
147 1444
147 1445
147 1446
147 1447
147 1448
147 1449
147 1450
147 1451
148 379
148 589
148 779
148 950
148 1103
148 1239
148 1374
148 1388
148 1401
148 1413
148 1424
148 1434
148 1443
148 1452
148 1453
148 1454
148 1455
148 1456
148 1457
148 1458
148 1459
149 380
149 590
149 780
149 951
149 1104
149 1240
149 1375
149 1389
149 1402
149 1414
149 1425
149 1435
149 1444
149 1452
149 1460
149 1461
149 1462
149 1463
149 1464
149 1465
149 1466
150 381
150 591
150 781
150 952
150 1105
150 1241
150 1376
150 1390
150 1403
150 1415
150 1426
150 1436
150 1445
150 1453
150 1460
150 1467
150 1468
150 1469
150 1470
150 1471
150 1472
151 382
151 592
151 782
151 953
151 1106
151 1242
151 1377
151 1391
151 1404
151 1416
151 1427
151 1437
151 1446
151 1454
151 1461
151 1467
151 1473
151 1474
151 1475
151 1476
151 1477
152 383
152 593
152 783
152 954
152 1107
152 1243
152 1378
152 1392
152 1405
152 1417
152 1428
152 1438
152 1447
152 1455
152 1462
152 1468
152 1473
152 1478
152 1479
152 1480
152 1481
153 384
153 594
153 784
153 955
153 1108
153 1244
153 1379
153 1393
153 1406
153 1418
153 1429
153 1439
153 1448
153 1456
153 1463
153 1469
153 1474
153 1478
153 1482
153 1483
153 1484
154 385
154 595
154 785
154 956
154 1109
154 1245
154 1380
154 1394
154 1407
154 1419
154 1430
154 1440
154 1449
154 1457
154 1464
154 1470
154 1475
154 1479
154 1482
154 1485
154 1486
155 386
155 596
155 786
155 957
155 1110
155 1246
155 1381
155 1395
155 1408
155 1420
155 1431
155 1441
155 1450
155 1458
155 1465
155 1471
155 1476
155 1480
155 1483
155 1485
155 1487
156 387
156 597
156 787
156 958
156 1111
156 1247
156 1382
156 1396
156 1409
156 1421
156 1432
156 1442
156 1451
156 1459
156 1466
156 1472
156 1477
156 1481
156 1484
156 1486
156 1487
157 388
157 598
157 788
157 959
157 1112
157 1248
157 1368
157 1488
157 1489
157 1490
157 1491
157 1492
157 1493
157 1494
157 1495
157 1496
157 1497
157 1498
157 1499
157 1500
157 1501
158 389
158 599
158 789
158 960
158 1113
158 1249
158 1369
158 1488
158 1502
158 1503
158 1504
158 1505
158 1506
158 1507
158 1508
158 1509
158 1510
158 1511
158 1512
158 1513
158 1514
159 390
159 600
159 790
159 961
159 1114
159 1250
159 1370
159 1489
159 1502
159 1515
159 1516
159 1517
159 1518
159 1519
159 1520
159 1521
159 1522
159 1523
159 1524
159 1525
159 1526
160 391
160 601
160 791
160 962
160 1115
160 1251
160 1371
160 1490
160 1503
160 1515
160 1527
160 1528
160 1529
160 1530
160 1531
160 1532
160 1533
160 1534
160 1535
160 1536
160 1537
161 392
161 602
161 792
161 963
161 1116
161 1252
161 1372
161 1491
161 1504
161 1516
161 1527
161 1538
161 1539
161 1540
161 1541
161 1542
161 1543
161 1544
161 1545
161 1546
161 1547
162 393
162 603
162 793
162 964
162 1117
162 1253
162 1373
162 1492
162 1505
162 1517
162 1528
162 1538
162 1548
162 1549
162 1550
162 1551
162 1552
162 1553
162 1554
162 1555
162 1556
163 394
163 604
163 794
163 965
163 1118
163 1254
163 1374
163 1493
163 1506
163 1518
163 1529
163 1539
163 1548
163 1557
163 1558
163 1559
163 1560
163 1561
163 1562
163 1563
163 1564
164 395
164 605
164 795
164 966
164 1119
164 1255
164 1375
164 1494
164 1507
164 1519
164 1530
164 1540
164 1549
164 1557
164 1565
164 1566
164 1567
164 1568
164 1569
164 1570
164 1571
165 396
165 606
165 796
165 967
165 1120
165 1256
165 1376
165 1495
165 1508
165 1520
165 1531
165 1541
165 1550
165 1558
165 1565
165 1572
165 1573
165 1574
165 1575
165 1576
165 1577
166 397
166 607
166 797
166 968
166 1121
166 1257
166 1377
166 1496
166 1509
166 1521
166 1532
166 1542
166 1551
166 1559
166 1566
166 1572
166 1578
166 1579
166 1580
166 1581
166 1582
167 398
167 608
167 798
167 969
167 1122
167 1258
167 1378
167 1497
167 1510
167 1522
167 1533
167 1543
167 1552
167 1560
167 1567
167 1573
167 1578
167 1583
167 1584
167 1585
167 1586
168 399
168 609
168 799
168 970
168 1123
168 1259
168 1379
168 1498
168 1511
168 1523
168 1534
168 1544
168 1553
168 1561
168 1568
168 1574
168 1579
168 1583
168 1587
168 1588
168 1589
169 400
169 610
169 800
169 971
169 1124
169 1260
169 1380
169 1499
169 1512
169 1524
169 1535
169 1545
169 1554
169 1562
169 1569
169 1575
169 1580
169 1584
169 1587
169 1590
169 1591
170 401
170 611
170 801
170 972
170 1125
170 1261
170 1381
170 1500
170 1513
170 1525
170 1536
170 1546
170 1555
170 1563
170 1570
170 1576
170 1581
170 1585
170 1588
170 1590
170 1592
171 402
171 612
171 802
171 973
171 1126
171 1262
171 1382
171 1501
171 1514
171 1526
171 1537
171 1547
171 1556
171 1564
171 1571
171 1577
171 1582
171 1586
171 1589
171 1591
171 1592
172 403
172 613
172 803
172 974
172 1127
172 1263
172 1383
172 1488
172 1593
172 1594
172 1595
172 1596
172 1597
172 1598
172 1599
172 1600
172 1601
172 1602
172 1603
172 1604
172 1605
173 404
173 614
173 804
173 975
173 1128
173 1264
173 1384
173 1489
173 1593
173 1606
173 1607
173 1608
173 1609
173 1610
173 1611
173 1612
173 1613
173 1614
173 1615
173 1616
173 1617
174 405
174 615
174 805
174 976
174 1129
174 1265
174 1385
174 1490
174 1594
174 1606
174 1618
174 1619
174 1620
174 1621
174 1622
174 1623
174 1624
174 1625
174 1626
174 1627
174 1628
175 406
175 616
175 806
175 977
175 1130
175 1266
175 1386
175 1491
175 1595
175 1607
175 1618
175 1629
175 1630
175 1631
175 1632
175 1633
175 1634
175 1635
175 1636
175 1637
175 1638
176 407
176 617
176 807
176 978
176 1131
176 1267
176 1387
176 1492
176 1596
176 1608
176 1619
176 1629
176 1639
176 1640
176 1641
176 1642
176 1643
176 1644
176 1645
176 1646
176 1647
177 408
177 618
177 808
177 979
177 1132
177 1268
177 1388
177 1493
177 1597
177 1609
177 1620
177 1630
177 1639
177 1648
177 1649
177 1650
177 1651
177 1652
177 1653
177 1654
177 1655
178 409
178 619
178 809
178 980
178 1133
178 1269
178 1389
178 1494
178 1598
178 1610
178 1621
178 1631
178 1640
178 1648
178 1656
178 1657
178 1658
178 1659
178 1660
178 1661
178 1662
179 410
179 620
179 810
179 981
179 1134
179 1270
179 1390
179 1495
179 1599
179 1611
179 1622
179 1632
179 1641
179 1649
179 1656
179 1663
179 1664
179 1665
179 1666
179 1667
179 1668
180 411
180 621
180 811
180 982
180 1135
180 1271
180 1391
180 1496
180 1600
180 1612
180 1623
180 1633
180 1642
180 1650
180 1657
180 1663
180 1669
180 1670
180 1671
180 1672
180 1673
181 412
181 622
181 812
181 983
181 1136
181 1272
181 1392
181 1497
181 1601
181 1613
181 1624
181 1634
181 1643
181 1651
181 1658
181 1664
181 1669
181 1674
181 1675
181 1676
181 1677
182 413
182 623
182 813
182 984
182 1137
182 1273
182 1393
182 1498
182 1602
182 1614
182 1625
182 1635
182 1644
182 1652
182 1659
182 1665
182 1670
182 1674
182 1678
182 1679
182 1680
183 414
183 624
183 814
183 985
183 1138
183 1274
183 1394
183 1499
183 1603
183 1615
183 1626
183 1636
183 1645
183 1653
183 1660
183 1666
183 1671
183 1675
183 1678
183 1681
183 1682
184 415
184 625
184 815
184 986
184 1139
184 1275
184 1395
184 1500
184 1604
184 1616
184 1627
184 1637
184 1646
184 1654
184 1661
184 1667
184 1672
184 1676
184 1679
184 1681
184 1683
185 416
185 626
185 816
185 987
185 1140
185 1276
185 1396
185 1501
185 1605
185 1617
185 1628
185 1638
185 1647
185 1655
185 1662
185 1668
185 1673
185 1677
185 1680
185 1682
185 1683
186 417
186 627
186 817
186 988
186 1141
186 1277
186 1397
186 1502
186 1593
186 1684
186 1685
186 1686
186 1687
186 1688
186 1689
186 1690
186 1691
186 1692
186 1693
186 1694
186 1695
187 418
187 628
187 818
187 989
187 1142
187 1278
187 1398
187 1503
187 1594
187 1684
187 1696
187 1697
187 1698
187 1699
187 1700
187 1701
187 1702
187 1703
187 1704
187 1705
187 1706
188 419
188 629
188 819
188 990
188 1143
188 1279
188 1399
188 1504
188 1595
188 1685
188 1696
188 1707
188 1708
188 1709
188 1710
188 1711
188 1712
188 1713
188 1714
188 1715
188 1716
189 420
189 630
189 820
189 991
189 1144
189 1280
189 1400
189 1505
189 1596
189 1686
189 1697
189 1707
189 1717
189 1718
189 1719
189 1720
189 1721
189 1722
189 1723
189 1724
189 1725
190 421
190 631
190 821
190 992
190 1145
190 1281
190 1401
190 1506
190 1597
190 1687
190 1698
190 1708
190 1717
190 1726
190 1727
190 1728
190 1729
190 1730
190 1731
190 1732
190 1733
191 422
191 632
191 822
191 993
191 1146
191 1282
191 1402
191 1507
191 1598
191 1688
191 1699
191 1709
191 1718
191 1726
191 1734
191 1735
191 1736
191 1737
191 1738
191 1739
191 1740
192 423
192 633
192 823
192 994
192 1147
192 1283
192 1403
192 1508
192 1599
192 1689
192 1700
192 1710
192 1719
192 1727
192 1734
192 1741
192 1742
192 1743
192 1744
192 1745
192 1746
193 424
193 634
193 824
193 995
193 1148
193 1284
193 1404
193 1509
193 1600
193 1690
193 1701
193 1711
193 1720
193 1728
193 1735
193 1741
193 1747
193 1748
193 1749
193 1750
193 1751
194 425
194 635
194 825
194 996
194 1149
194 1285
194 1405
194 1510
194 1601
194 1691
194 1702
194 1712
194 1721
194 1729
194 1736
194 1742
194 1747
194 1752
194 1753
194 1754
194 1755
195 426
195 636
195 826
195 997
195 1150
195 1286
195 1406
195 1511
195 1602
195 1692
195 1703
195 1713
195 1722
195 1730
195 1737
195 1743
195 1748
195 1752
195 1756
195 1757
195 1758
196 427
196 637
196 827
196 998
196 1151
196 1287
196 1407
196 1512
196 1603
196 1693
196 1704
196 1714
196 1723
196 1731
196 1738
196 1744
196 1749
196 1753
196 1756
196 1759
196 1760
197 428
197 638
197 828
197 999
197 1152
197 1288
197 1408
197 1513
197 1604
197 1694
197 1705
197 1715
197 1724
197 1732
197 1739
197 1745
197 1750
197 1754
197 1757
197 1759
197 1761
198 429
198 639
198 829
198 1000
198 1153
198 1289
198 1409
198 1514
198 1605
198 1695
198 1706
198 1716
198 1725
198 1733
198 1740
198 1746
198 1751
198 1755
198 1758
198 1760
198 1761
199 430
199 640
199 830
199 1001
199 1154
199 1290
199 1410
199 1515
199 1606
199 1684
199 1762
199 1763
199 1764
199 1765
199 1766
199 1767
199 1768
199 1769
199 1770
199 1771
199 1772
200 431
200 641
200 831
200 1002
200 1155
200 1291
200 1411
200 1516
200 1607
200 1685
200 1762
200 1773
200 1774
200 1775
200 1776
200 1777
200 1778
200 1779
200 1780
200 1781
200 1782
201 432
201 642
201 832
201 1003
201 1156
201 1292
201 1412
201 1517
201 1608
201 1686
201 1763
201 1773
201 1783
201 1784
201 1785
201 1786
201 1787
201 1788
201 1789
201 1790
201 1791
202 433
202 643
202 833
202 1004
202 1157
202 1293
202 1413
202 1518
202 1609
202 1687
202 1764
202 1774
202 1783
202 1792
202 1793
202 1794
202 1795
202 1796
202 1797
202 1798
202 1799
203 434
203 644
203 834
203 1005
203 1158
203 1294
203 1414
203 1519
203 1610
203 1688
203 1765
203 1775
203 1784
203 1792
203 1800
203 1801
203 1802
203 1803
203 1804
203 1805
203 1806
204 435
204 645
204 835
204 1006
204 1159
204 1295
204 1415
204 1520
204 1611
204 1689
204 1766
204 1776
204 1785
204 1793
204 1800
204 1807
204 1808
204 1809
204 1810
204 1811
204 1812
205 436
205 646
205 836
205 1007
205 1160
205 1296
205 1416
205 1521
205 1612
205 1690
205 1767
205 1777
205 1786
205 1794
205 1801
205 1807
205 1813
205 1814
205 1815
205 1816
205 1817
206 437
206 647
206 837
206 1008
206 1161
206 1297
206 1417
206 1522
206 1613
206 1691
206 1768
206 1778
206 1787
206 1795
206 1802
206 1808
206 1813
206 1818
206 1819
206 1820
206 1821
207 438
207 648
207 838
207 1009
207 1162
207 1298
207 1418
207 1523
207 1614
207 1692
207 1769
207 1779
207 1788
207 1796
207 1803
207 1809
207 1814
207 1818
207 1822
207 1823
207 1824
208 439
208 649
208 839
208 1010
208 1163
208 1299
208 1419
208 1524
208 1615
208 1693
208 1770
208 1780
208 1789
208 1797
208 1804
208 1810
208 1815
208 1819
208 1822
208 1825
208 1826
209 440
209 650
209 840
209 1011
209 1164
209 1300
209 1420
209 1525
209 1616
209 1694
209 1771
209 1781
209 1790
209 1798
209 1805
209 1811
209 1816
209 1820
209 1823
209 1825
209 1827
210 441
210 651
210 841
210 1012
210 1165
210 1301
210 1421
210 1526
210 1617
210 1695
210 1772
210 1782
210 1791
210 1799
210 1806
210 1812
210 1817
210 1821
210 1824
210 1826
210 1827
211 442
211 652
211 842
211 1013
211 1166
211 1302
211 1422
211 1527
211 1618
211 1696
211 1762
211 1828
211 1829
211 1830
211 1831
211 1832
211 1833
211 1834
211 1835
211 1836
211 1837
212 443
212 653
212 843
212 1014
212 1167
212 1303
212 1423
212 1528
212 1619
212 1697
212 1763
212 1828
212 1838
212 1839
212 1840
212 1841
212 1842
212 1843
212 1844
212 1845
212 1846
213 444
213 654
213 844
213 1015
213 1168
213 1304
213 1424
213 1529
213 1620
213 1698
213 1764
213 1829
213 1838
213 1847
213 1848
213 1849
213 1850
213 1851
213 1852
213 1853
213 1854
214 445
214 655
214 845
214 1016
214 1169
214 1305
214 1425
214 1530
214 1621
214 1699
214 1765
214 1830
214 1839
214 1847
214 1855
214 1856
214 1857
214 1858
214 1859
214 1860
214 1861
215 446
215 656
215 846
215 1017
215 1170
215 1306
215 1426
215 1531
215 1622
215 1700
215 1766
215 1831
215 1840
215 1848
215 1855
215 1862
215 1863
215 1864
215 1865
215 1866
215 1867
216 447
216 657
216 847
216 1018
216 1171
216 1307
216 1427
216 1532
216 1623
216 1701
216 1767
216 1832
216 1841
216 1849
216 1856
216 1862
216 1868
216 1869
216 1870
216 1871
216 1872
217 448
217 658
217 848
217 1019
217 1172
217 1308
217 1428
217 1533
217 1624
217 1702
217 1768
217 1833
217 1842
217 1850
217 1857
217 1863
217 1868
217 1873
217 1874
217 1875
217 1876
218 449
218 659
218 849
218 1020
218 1173
218 1309
218 1429
218 1534
218 1625
218 1703
218 1769
218 1834
218 1843
218 1851
218 1858
218 1864
218 1869
218 1873
218 1877
218 1878
218 1879
219 450
219 660
219 850
219 1021
219 1174
219 1310
219 1430
219 1535
219 1626
219 1704
219 1770
219 1835
219 1844
219 1852
219 1859
219 1865
219 1870
219 1874
219 1877
219 1880
219 1881
220 451
220 661
220 851
220 1022
220 1175
220 1311
220 1431
220 1536
220 1627
220 1705
220 1771
220 1836
220 1845
220 1853
220 1860
220 1866
220 1871
220 1875
220 1878
220 1880
220 1882
221 452
221 662
221 852
221 1023
221 1176
221 1312
221 1432
221 1537
221 1628
221 1706
221 1772
221 1837
221 1846
221 1854
221 1861
221 1867
221 1872
221 1876
221 1879
221 1881
221 1882
222 453
222 663
222 853
222 1024
222 1177
222 1313
222 1433
222 1538
222 1629
222 1707
222 1773
222 1828
222 1883
222 1884
222 1885
222 1886
222 1887
222 1888
222 1889
222 1890
222 1891
223 454
223 664
223 854
223 1025
223 1178
223 1314
223 1434
223 1539
223 1630
223 1708
223 1774
223 1829
223 1883
223 1892
223 1893
223 1894
223 1895
223 1896
223 1897
223 1898
223 1899
224 455
224 665
224 855
224 1026
224 1179
224 1315
224 1435
224 1540
224 1631
224 1709
224 1775
224 1830
224 1884
224 1892
224 1900
224 1901
224 1902
224 1903
224 1904
224 1905
224 1906
225 456
225 666
225 856
225 1027
225 1180
225 1316
225 1436
225 1541
225 1632
225 1710
225 1776
225 1831
225 1885
225 1893
225 1900
225 1907
225 1908
225 1909
225 1910
225 1911
225 1912
226 457
226 667
226 857
226 1028
226 1181
226 1317
226 1437
226 1542
226 1633
226 1711
226 1777
226 1832
226 1886
226 1894
226 1901
226 1907
226 1913
226 1914
226 1915
226 1916
226 1917
227 458
227 668
227 858
227 1029
227 1182
227 1318
227 1438
227 1543
227 1634
227 1712
227 1778
227 1833
227 1887
227 1895
227 1902
227 1908
227 1913
227 1918
227 1919
227 1920
227 1921
228 459
228 669
228 859
228 1030
228 1183
228 1319
228 1439
228 1544
228 1635
228 1713
228 1779
228 1834
228 1888
228 1896
228 1903
228 1909
228 1914
228 1918
228 1922
228 1923
228 1924
229 460
229 670
229 860
229 1031
229 1184
229 1320
229 1440
229 1545
229 1636
229 1714
229 1780
229 1835
229 1889
229 1897
229 1904
229 1910
229 1915
229 1919
229 1922
229 1925
229 1926
230 461
230 671
230 861
230 1032
230 1185
230 1321
230 1441
230 1546
230 1637
230 1715
230 1781
230 1836
230 1890
230 1898
230 1905
230 1911
230 1916
230 1920
230 1923
230 1925
230 1927
231 462
231 672
231 862
231 1033
231 1186
231 1322
231 1442
231 1547
231 1638
231 1716
231 1782
231 1837
231 1891
231 1899
231 1906
231 1912
231 1917
231 1921
231 1924
231 1926
231 1927
232 463
232 673
232 863
232 1034
232 1187
232 1323
232 1443
232 1548
232 1639
232 1717
232 1783
232 1838
232 1883
232 1928
232 1929
232 1930
232 1931
232 1932
232 1933
232 1934
232 1935
233 464
233 674
233 864
233 1035
233 1188
233 1324
233 1444
233 1549
233 1640
233 1718
233 1784
233 1839
233 1884
233 1928
233 1936
233 1937
233 1938
233 1939
233 1940
233 1941
233 1942
234 465
234 675
234 865
234 1036
234 1189
234 1325
234 1445
234 1550
234 1641
234 1719
234 1785
234 1840
234 1885
234 1929
234 1936
234 1943
234 1944
234 1945
234 1946
234 1947
234 1948
235 466
235 676
235 866
235 1037
235 1190
235 1326
235 1446
235 1551
235 1642
235 1720
235 1786
235 1841
235 1886
235 1930
235 1937
235 1943
235 1949
235 1950
235 1951
235 1952
235 1953
236 467
236 677
236 867
236 1038
236 1191
236 1327
236 1447
236 1552
236 1643
236 1721
236 1787
236 1842
236 1887
236 1931
236 1938
236 1944
236 1949
236 1954
236 1955
236 1956
236 1957
237 468
237 678
237 868
237 1039
237 1192
237 1328
237 1448
237 1553
237 1644
237 1722
237 1788
237 1843
237 1888
237 1932
237 1939
237 1945
237 1950
237 1954
237 1958
237 1959
237 1960
238 469
238 679
238 869
238 1040
238 1193
238 1329
238 1449
238 1554
238 1645
238 1723
238 1789
238 1844
238 1889
238 1933
238 1940
238 1946
238 1951
238 1955
238 1958
238 1961
238 1962
239 470
239 680
239 870
239 1041
239 1194
239 1330
239 1450
239 1555
239 1646
239 1724
239 1790
239 1845
239 1890
239 1934
239 1941
239 1947
239 1952
239 1956
239 1959
239 1961
239 1963
240 471
240 681
240 871
240 1042
240 1195
240 1331
240 1451
240 1556
240 1647
240 1725
240 1791
240 1846
240 1891
240 1935
240 1942
240 1948
240 1953
240 1957
240 1960
240 1962
240 1963
241 472
241 682
241 872
241 1043
241 1196
241 1332
241 1452
241 1557
241 1648
241 1726
241 1792
241 1847
241 1892
241 1928
241 1964
241 1965
241 1966
241 1967
241 1968
241 1969
241 1970
242 473
242 683
242 873
242 1044
242 1197
242 1333
242 1453
242 1558
242 1649
242 1727
242 1793
242 1848
242 1893
242 1929
242 1964
242 1971
242 1972
242 1973
242 1974
242 1975
242 1976
243 474
243 684
243 874
243 1045
243 1198
243 1334
243 1454
243 1559
243 1650
243 1728
243 1794
243 1849
243 1894
243 1930
243 1965
243 1971
243 1977
243 1978
243 1979
243 1980
243 1981
244 475
244 685
244 875
244 1046
244 1199
244 1335
244 1455
244 1560
244 1651
244 1729
244 1795
244 1850
244 1895
244 1931
244 1966
244 1972
244 1977
244 1982
244 1983
244 1984
244 1985
245 476
245 686
245 876
245 1047
245 1200
245 1336
245 1456
245 1561
245 1652
245 1730
245 1796
245 1851
245 1896
245 1932
245 1967
245 1973
245 1978
245 1982
245 1986
245 1987
245 1988
246 477
246 687
246 877
246 1048
246 1201
246 1337
246 1457
246 1562
246 1653
246 1731
246 1797
246 1852
246 1897
246 1933
246 1968
246 1974
246 1979
246 1983
246 1986
246 1989
246 1990
247 478
247 688
247 878
247 1049
247 1202
247 1338
247 1458
247 1563
247 1654
247 1732
247 1798
247 1853
247 1898
247 1934
247 1969
247 1975
247 1980
247 1984
247 1987
247 1989
247 1991
248 479
248 689
248 879
248 1050
248 1203
248 1339
248 1459
248 1564
248 1655
248 1733
248 1799
248 1854
248 1899
248 1935
248 1970
248 1976
248 1981
248 1985
248 1988
248 1990
248 1991
249 480
249 690
249 880
249 1051
249 1204
249 1340
249 1460
249 1565
249 1656
249 1734
249 1800
249 1855
249 1900
249 1936
249 1964
249 1992
249 1993
249 1994
249 1995
249 1996
249 1997
250 481
250 691
250 881
250 1052
250 1205
250 1341
250 1461
250 1566
250 1657
250 1735
250 1801
250 1856
250 1901
250 1937
250 1965
250 1992
250 1998
250 1999
250 2000
250 2001
250 2002
251 482
251 692
251 882
251 1053
251 1206
251 1342
251 1462
251 1567
251 1658
251 1736
251 1802
251 1857
251 1902
251 1938
251 1966
251 1993
251 1998
251 2003
251 2004
251 2005
251 2006
252 483
252 693
252 883
252 1054
252 1207
252 1343
252 1463
252 1568
252 1659
252 1737
252 1803
252 1858
252 1903
252 1939
252 1967
252 1994
252 1999
252 2003
252 2007
252 2008
252 2009
253 484
253 694
253 884
253 1055
253 1208
253 1344
253 1464
253 1569
253 1660
253 1738
253 1804
253 1859
253 1904
253 1940
253 1968
253 1995
253 2000
253 2004
253 2007
253 2010
253 2011
254 485
254 695
254 885
254 1056
254 1209
254 1345
254 1465
254 1570
254 1661
254 1739
254 1805
254 1860
254 1905
254 1941
254 1969
254 1996
254 2001
254 2005
254 2008
254 2010
254 2012
255 486
255 696
255 886
255 1057
255 1210
255 1346
255 1466
255 1571
255 1662
255 1740
255 1806
255 1861
255 1906
255 1942
255 1970
255 1997
255 2002
255 2006
255 2009
255 2011
255 2012
256 487
256 697
256 887
256 1058
256 1211
256 1347
256 1467
256 1572
256 1663
256 1741
256 1807
256 1862
256 1907
256 1943
256 1971
256 1992
256 2013
256 2014
256 2015
256 2016
256 2017
257 488
257 698
257 888
257 1059
257 1212
257 1348
257 1468
257 1573
257 1664
257 1742
257 1808
257 1863
257 1908
257 1944
257 1972
257 1993
257 2013
257 2018
257 2019
257 2020
257 2021
258 489
258 699
258 889
258 1060
258 1213
258 1349
258 1469
258 1574
258 1665
258 1743
258 1809
258 1864
258 1909
258 1945
258 1973
258 1994
258 2014
258 2018
258 2022
258 2023
258 2024
259 490
259 700
259 890
259 1061
259 1214
259 1350
259 1470
259 1575
259 1666
259 1744
259 1810
259 1865
259 1910
259 1946
259 1974
259 1995
259 2015
259 2019
259 2022
259 2025
259 2026
260 491
260 701
260 891
260 1062
260 1215
260 1351
260 1471
260 1576
260 1667
260 1745
260 1811
260 1866
260 1911
260 1947
260 1975
260 1996
260 2016
260 2020
260 2023
260 2025
260 2027
261 492
261 702
261 892
261 1063
261 1216
261 1352
261 1472
261 1577
261 1668
261 1746
261 1812
261 1867
261 1912
261 1948
261 1976
261 1997
261 2017
261 2021
261 2024
261 2026
261 2027
262 493
262 703
262 893
262 1064
262 1217
262 1353
262 1473
262 1578
262 1669
262 1747
262 1813
262 1868
262 1913
262 1949
262 1977
262 1998
262 2013
262 2028
262 2029
262 2030
262 2031
263 494
263 704
263 894
263 1065
263 1218
263 1354
263 1474
263 1579
263 1670
263 1748
263 1814
263 1869
263 1914
263 1950
263 1978
263 1999
263 2014
263 2028
263 2032
263 2033
263 2034
264 495
264 705
264 895
264 1066
264 1219
264 1355
264 1475
264 1580
264 1671
264 1749
264 1815
264 1870
264 1915
264 1951
264 1979
264 2000
264 2015
264 2029
264 2032
264 2035
264 2036
265 496
265 706
265 896
265 1067
265 1220
265 1356
265 1476
265 1581
265 1672
265 1750
265 1816
265 1871
265 1916
265 1952
265 1980
265 2001
265 2016
265 2030
265 2033
265 2035
265 2037
266 497
266 707
266 897
266 1068
266 1221
266 1357
266 1477
266 1582
266 1673
266 1751
266 1817
266 1872
266 1917
266 1953
266 1981
266 2002
266 2017
266 2031
266 2034
266 2036
266 2037
267 498
267 708
267 898
267 1069
267 1222
267 1358
267 1478
267 1583
267 1674
267 1752
267 1818
267 1873
267 1918
267 1954
267 1982
267 2003
267 2018
267 2028
267 2038
267 2039
267 2040
268 499
268 709
268 899
268 1070
268 1223
268 1359
268 1479
268 1584
268 1675
268 1753
268 1819
268 1874
268 1919
268 1955
268 1983
268 2004
268 2019
268 2029
268 2038
268 2041
268 2042
269 500
269 710
269 900
269 1071
269 1224
269 1360
269 1480
269 1585
269 1676
269 1754
269 1820
269 1875
269 1920
269 1956
269 1984
269 2005
269 2020
269 2030
269 2039
269 2041
269 2043
270 501
270 711
270 901
270 1072
270 1225
270 1361
270 1481
270 1586
270 1677
270 1755
270 1821
270 1876
270 1921
270 1957
270 1985
270 2006
270 2021
270 2031
270 2040
270 2042
270 2043
271 502
271 712
271 902
271 1073
271 1226
271 1362
271 1482
271 1587
271 1678
271 1756
271 1822
271 1877
271 1922
271 1958
271 1986
271 2007
271 2022
271 2032
271 2038
271 2044
271 2045
272 503
272 713
272 903
272 1074
272 1227
272 1363
272 1483
272 1588
272 1679
272 1757
272 1823
272 1878
272 1923
272 1959
272 1987
272 2008
272 2023
272 2033
272 2039
272 2044
272 2046
273 504
273 714
273 904
273 1075
273 1228
273 1364
273 1484
273 1589
273 1680
273 1758
273 1824
273 1879
273 1924
273 1960
273 1988
273 2009
273 2024
273 2034
273 2040
273 2045
273 2046
274 505
274 715
274 905
274 1076
274 1229
274 1365
274 1485
274 1590
274 1681
274 1759
274 1825
274 1880
274 1925
274 1961
274 1989
274 2010
274 2025
274 2035
274 2041
274 2044
274 2047
275 506
275 716
275 906
275 1077
275 1230
275 1366
275 1486
275 1591
275 1682
275 1760
275 1826
275 1881
275 1926
275 1962
275 1990
275 2011
275 2026
275 2036
275 2042
275 2045
275 2047
276 507
276 717
276 907
276 1078
276 1231
276 1367
276 1487
276 1592
276 1683
276 1761
276 1827
276 1882
276 1927
276 1963
276 1991
276 2012
276 2027
276 2037
276 2043
276 2046
276 2047
277 934
277 937
277 1045
277 1189
277 1195
277 1216
277 1334
277 1379
277 1381
277 1483
277 1588
277 1618
277 1624
277 1634
277 1688
277 1693
277 1738
277 1804
277 1833
277 1948
278 763
278 766
278 874
278 1173
278 1174
278 1226
278 1334
278 1384
278 1387
278 1412
278 1508
278 1510
278 1573
278 1608
278 1742
278 1877
278 1905
278 1906
278 1927
278 2012
279 865
279 871
279 892
279 1020
279 1021
279 1073
279 1248
279 1255
279 1269
279 1399
279 1404
279 1437
279 1494
279 1711
279 1795
279 1798
279 1820
279 1877
279 1948
279 1984
280 728
280 731
280 874
280 1045
280 1112
280 1119
280 1133
280 1479
280 1481
280 1486
280 1494
280 1697
280 1705
280 1724
280 1776
280 1779
280 1809
280 1845
280 1909
280 2042
281 799
281 801
281 903
281 975
281 978
281 1003
281 1143
281 1148
281 1181
281 1359
281 1361
281 1366
281 1588
281 1608
281 1711
281 1847
281 1848
281 1855
281 1964
281 2042
282 784
282 786
282 903
282 994
282 996
282 1059
282 1081
282 1088
282 1133
282 1269
282 1483
282 1742
282 1767
282 1772
282 1817
282 1872
282 1883
282 1889
282 1897
282 1933
283 842
283 848
283 858
283 946
283 949
283 1003
283 1080
283 1088
283 1119
283 1255
283 1412
283 1730
283 1733
283 1758
283 1833
283 1988
283 2015
283 2016
283 2025
283 2035
284 834
284 839
284 884
284 967
284 969
284 1059
284 1101
284 1106
284 1181
284 1303
284 1311
284 1330
284 1437
284 1573
284 1652
284 1655
284 1680
284 1804
284 1845
284 1988
285 822
285 827
285 884
285 944
285 949
285 978
285 1199
285 1202
285 1224
285 1316
285 1319
285 1349
285 1387
285 1532
285 1537
285 1582
285 1738
285 1872
285 1909
285 1984
286 806
286 812
286 858
286 922
286 923
286 1073
286 1226
286 1280
286 1288
286 1330
286 1452
286 1453
286 1460
286 1521
286 1526
286 1582
286 1634
286 1724
286 1817
286 1964
287 805
287 812
287 848
287 1056
287 1057
287 1078
287 1098
287 1106
287 1148
287 1295
287 1298
287 1349
287 1404
287 1548
287 1554
287 1562
287 1624
287 1809
287 1933
287 2012
288 748
288 754
288 892
288 944
288 946
288 975
288 1216
288 1278
288 1288
288 1311
288 1384
288 1539
288 1545
288 1562
288 1705
288 1897
288 1998
288 1999
288 2003
288 2028
289 719
289 731
289 766
289 937
289 1161
289 1164
289 1224
289 1425
289 1426
289 1460
289 1538
289 1545
289 1554
289 1602
289 1605
289 1680
289 1758
289 1820
289 1855
289 1889
290 817
290 827
290 839
290 1032
290 1033
290 1078
290 1080
290 1081
290 1112
290 1248
290 1424
290 1426
290 1453
290 1693
290 1848
290 1927
290 1949
290 1950
290 1954
290 2028
291 745
291 754
291 871
291 960
291 969
291 996
291 1195
291 1291
291 1298
291 1319
291 1424
291 1425
291 1452
291 1510
291 1671
291 1672
291 1681
291 1779
291 1847
291 2035
292 719
292 728
292 763
292 934
292 1098
292 1101
292 1143
292 1399
292 1515
292 1526
292 1537
292 1666
292 1667
292 1681
292 1772
292 1938
292 1939
292 1954
292 2003
292 2025
293 805
293 806
293 842
293 960
293 967
293 994
293 1157
293 1164
293 1202
293 1245
293 1247
293 1366
293 1486
293 1508
293 1618
293 1798
293 1937
293 1939
293 1950
293 1999
294 772
294 786
294 801
294 914
294 923
294 1021
294 1174
294 1291
294 1295
294 1316
294 1381
294 1597
294 1605
294 1655
294 1733
294 1776
294 1937
294 1938
294 1949
294 1998
295 817
295 822
295 834
295 914
295 922
295 1020
295 1173
295 1243
295 1247
295 1361
295 1481
295 1538
295 1539
295 1548
295 1663
295 1667
295 1672
295 1688
295 1883
295 2016
296 772
296 784
296 799
296 1026
296 1033
296 1057
296 1157
296 1161
296 1199
296 1278
296 1280
296 1303
296 1379
296 1663
296 1666
296 1671
296 1697
296 1795
296 1906
296 2015
297 745
297 748
297 865
297 1026
297 1032
297 1056
297 1189
297 1243
297 1245
297 1359
297 1479
297 1515
297 1521
297 1532
297 1597
297 1602
297 1652
297 1730
297 1767
297 1905
298 573
298 576
298 684
298 1127
298 1139
298 1152
298 1334
298 1436
298 1440
298 1470
298 1528
298 1530
298 1549
298 1604
298 1818
298 1821
298 1824
298 1839
298 1910
298 2040
299 675
299 681
299 702
299 974
299 986
299 999
299 1235
299 1236
299 1290
299 1410
299 1578
299 1580
299 1584
299 1604
299 1892
299 1896
299 1903
299 1948
299 1967
299 2029
300 538
300 541
300 684
300 1045
300 1099
300 1100
300 1154
300 1410
300 1504
300 1514
300 1547
300 1644
300 1645
300 1678
300 1716
300 1958
300 1993
300 1996
300 2005
300 2020
301 609
301 611
301 713
301 1027
301 1031
301 1061
301 1083
301 1084
301 1154
301 1290
301 1588
301 1657
301 1662
301 1673
301 1717
301 1721
301 1729
301 1910
301 1931
301 2002
302 594
302 596
302 713
302 1014
302 1016
302 1035
302 1217
302 1219
302 1223
302 1279
302 1289
302 1322
302 1483
302 1609
302 1611
302 1649
302 1716
302 1793
302 1839
302 2029
303 652
303 658
303 668
303 912
303 924
303 999
303 1152
303 1328
303 1329
303 1362
303 1461
303 1466
303 1477
303 1518
303 1520
303 1558
303 1793
303 1833
303 1958
303 2002
304 644
304 649
304 694
304 911
304 924
304 986
304 1139
304 1252
304 1262
304 1322
304 1443
304 1447
304 1455
304 1547
304 1804
304 1862
304 1864
304 1869
304 1931
304 2014
305 632
305 637
305 694
305 1069
305 1072
305 1075
305 1079
305 1084
305 1100
305 1236
305 1493
305 1495
305 1558
305 1649
305 1738
305 1886
305 1890
305 1916
305 1952
305 2040
306 616
306 622
306 668
306 964
306 966
306 1035
306 1079
306 1083
306 1099
306 1235
306 1549
306 1634
306 1741
306 1743
306 1748
306 1989
306 1990
306 1991
306 2014
306 2047
307 615
307 622
307 658
307 952
307 956
307 1061
307 1196
307 1200
307 1207
307 1249
307 1262
307 1289
307 1470
307 1514
307 1624
307 1786
307 1790
307 1816
307 1952
307 1967
308 558
308 564
308 702
308 962
308 966
308 1016
308 1216
308 1273
308 1274
308 1362
308 1401
308 1405
308 1455
308 1530
308 1678
308 1729
308 1777
308 1781
308 1816
308 1916
309 529
309 541
309 576
309 937
309 1179
309 1183
309 1207
309 1400
309 1405
309 1447
309 1489
309 1495
309 1520
309 1611
309 1721
309 1880
309 1881
309 1882
309 1903
309 2047
310 627
310 637
310 649
310 962
310 964
310 1014
310 1178
310 1183
310 1200
310 1348
310 1351
310 1360
310 1391
310 1396
310 1477
310 1528
310 1673
310 1693
310 1896
310 2020
311 555
311 564
311 681
311 948
311 956
311 1031
311 1195
311 1342
311 1345
311 1360
311 1440
311 1489
311 1493
311 1518
311 1609
311 1701
311 1703
311 1748
311 1869
311 2005
312 529
312 538
312 573
312 934
312 1122
312 1124
312 1223
312 1389
312 1396
312 1466
312 1584
312 1662
312 1700
312 1703
312 1743
312 1773
312 1781
312 1790
312 1864
312 1890
313 615
313 616
313 652
313 1009
313 1012
313 1075
313 1121
313 1124
313 1219
313 1340
313 1345
313 1351
313 1400
313 1401
313 1443
313 1580
313 1618
313 1717
313 1824
313 1996
314 582
314 596
314 611
314 1008
314 1012
314 1072
314 1178
314 1179
314 1196
314 1267
314 1274
314 1329
314 1381
314 1645
314 1700
314 1701
314 1741
314 1821
314 1862
314 1892
315 627
315 632
315 644
315 948
315 952
315 1027
315 1121
315 1122
315 1217
315 1267
315 1273
315 1328
315 1436
315 1578
315 1644
315 1688
315 1853
315 1854
315 1882
315 1991
316 582
316 594
316 609
316 911
316 912
316 974
316 1127
316 1340
316 1342
316 1348
316 1379
316 1773
316 1777
316 1786
316 1852
316 1854
316 1881
316 1886
316 1990
316 1993
317 555
317 558
317 675
317 1008
317 1009
317 1069
317 1189
317 1249
317 1252
317 1279
317 1389
317 1391
317 1461
317 1504
317 1657
317 1818
317 1852
317 1853
317 1880
317 1989
318 659
318 660
318 712
318 803
318 815
318 828
318 1313
318 1318
318 1327
318 1374
318 1382
318 1459
318 1564
318 1604
318 1800
318 1801
318 1807
318 1877
318 1887
318 1992
319 519
319 522
319 684
319 874
319 1177
319 1182
319 1191
319 1402
319 1406
319 1463
319 1524
319 1525
319 1590
319 1622
319 1628
319 1668
319 1737
319 1825
319 1867
319 1887
320 614
320 617
320 642
320 856
320 860
320 890
320 1118
320 1126
320 1203
320 1282
320 1286
320 1343
320 1564
320 1608
320 1737
320 1868
320 1871
320 1875
320 1910
320 2030
321 633
321 635
321 698
321 843
321 845
321 864
321 1103
321 1111
321 1203
321 1299
321 1300
321 1365
321 1459
321 1633
321 1635
321 1670
321 1742
321 1825
321 1839
321 1914
322 585
322 588
322 642
322 741
322 753
322 828
322 1152
322 1306
322 1312
322 1352
322 1412
322 1542
322 1544
322 1579
322 1867
322 1914
322 1966
322 1968
322 1983
322 2004
323 606
323 608
323 698
323 740
323 753
323 815
323 1139
323 1240
323 1244
323 1343
323 1463
323 1573
323 1762
323 1764
323 1774
323 1829
323 1951
323 1953
323 1962
323 2036
324 583
324 588
324 617
324 898
324 901
324 904
324 1204
324 1205
324 1211
324 1260
324 1261
324 1365
324 1387
324 1590
324 1696
324 1698
324 1708
324 1829
324 1992
324 2040
325 561
325 562
325 712
325 793
325 795
325 864
325 1226
325 1270
325 1276
325 1352
325 1473
325 1476
325 1480
325 1549
325 1668
325 1685
325 1687
325 1708
325 1774
325 2030
326 695
326 696
326 717
326 781
326 785
326 890
326 1086
326 1091
326 1191
326 1327
326 1470
326 1496
326 1498
326 1579
326 1670
326 1684
326 1687
326 1698
326 1764
326 2012
327 583
327 585
327 614
327 791
327 795
327 845
327 1085
327 1091
327 1182
327 1318
327 1384
327 1530
327 1749
327 1751
327 1760
327 1973
327 1975
327 1987
327 2023
327 2036
328 510
328 522
328 576
328 766
328 1096
328 1111
328 1126
328 1382
328 1658
328 1660
328 1675
328 1684
328 1685
328 1696
328 1762
328 1945
328 1947
328 1959
328 2004
328 2023
329 671
329 672
329 717
329 791
329 793
329 843
329 1159
329 1160
329 1211
329 1234
329 1244
329 1286
329 1406
329 1528
329 1651
329 1653
329 1675
329 1807
329 1927
329 1983
330 599
330 608
330 635
330 777
330 785
330 860
330 1158
330 1160
330 1205
330 1265
330 1276
330 1312
330 1440
330 1510
330 1628
330 1801
330 1932
330 1934
330 1959
330 1987
331 510
331 519
331 573
331 763
331 1158
331 1159
331 1204
331 1428
331 1431
331 1480
331 1491
331 1498
331 1544
331 1635
331 1723
331 1725
331 1760
331 1800
331 1875
331 1962
332 599
332 606
332 633
332 838
332 841
332 904
332 1085
332 1086
332 1177
332 1313
332 1427
332 1431
332 1476
332 1508
332 1648
332 1653
332 1660
332 1824
332 1871
332 1968
333 553
333 562
333 660
333 837
333 841
333 901
333 1174
333 1234
333 1240
333 1282
333 1402
333 1491
333 1496
333 1542
333 1633
333 1821
333 1929
333 1934
333 1947
333 1975
334 553
334 561
334 659
334 777
334 781
334 856
334 1173
334 1250
334 1261
334 1300
334 1436
334 1525
334 1648
334 1651
334 1658
334 1720
334 1725
334 1751
334 1953
334 1966
335 665
335 672
335 696
335 740
335 741
335 803
335 1127
335 1250
335 1260
335 1299
335 1427
335 1428
335 1473
335 1524
335 1868
335 1906
335 1929
335 1932
335 1945
335 1973
336 665
336 671
336 695
336 837
336 838
336 898
336 1096
336 1103
336 1118
336 1265
336 1270
336 1306
336 1374
336 1622
336 1720
336 1723
336 1749
336 1818
336 1905
336 1951
337 598
337 605
337 619
337 775
337 776
337 830
337 1024
337 1029
337 1038
337 1410
337 1494
337 1727
337 1731
337 1744
337 1887
337 1974
337 2033
337 2034
337 2037
337 2046
338 629
338 634
338 667
338 759
338 760
338 830
338 965
338 973
338 1050
338 1290
338 1564
338 1664
338 1665
338 1674
338 1711
338 1940
338 1941
338 1961
338 2010
338 2018
339 567
339 574
339 619
339 893
339 895
339 899
339 950
339 958
339 1050
339 1269
339 1459
339 1686
339 1692
339 1722
339 1788
339 1831
339 1836
339 1866
339 1911
339 2029
340 566
340 574
340 605
340 723
340 735
340 828
340 999
340 1255
340 1468
340 1469
340 1478
340 1780
340 1782
340 1826
340 1838
340 1841
340 1849
340 1926
340 1930
340 2018
341 587
341 592
341 667
341 722
341 735
341 815
341 986
341 1333
341 1337
341 1350
341 1437
341 1517
341 1523
341 1553
341 1788
341 1857
341 1861
341 1876
341 1974
341 2006
342 685
342 688
342 710
342 755
342 760
342 776
342 1051
342 1052
342 1058
342 1236
342 1505
342 1511
342 1553
342 1636
342 1638
342 1682
342 1722
342 1926
342 1984
342 1992
343 543
343 544
343 712
343 755
343 759
343 775
343 1073
343 1235
343 1541
343 1546
343 1576
343 1639
343 1642
343 1650
343 1736
343 1740
343 1755
343 1911
343 1930
343 2006
344 584
344 592
344 634
344 872
344 876
344 883
344 933
344 938
344 1038
344 1327
344 1404
344 1531
344 1536
344 1576
344 1615
344 1617
344 1682
344 1826
344 1866
344 1967
345 521
345 527
345 702
345 892
345 932
345 938
345 1029
345 1318
345 1464
345 1465
345 1485
345 1502
345 1511
345 1523
345 1620
345 1623
345 1650
345 1692
345 1849
345 2010
346 647
346 650
346 710
346 855
346 859
346 883
346 943
346 958
346 973
346 1283
346 1287
346 1350
346 1382
346 1619
346 1623
346 1642
346 1744
346 1820
346 1841
346 1903
347 566
347 567
347 598
347 854
347 859
347 876
347 1006
347 1007
347 1058
347 1248
347 1449
347 1450
347 1485
347 1702
347 1706
347 1755
347 1807
347 1876
347 1896
347 1961
348 518
348 527
348 681
348 871
348 1005
348 1007
348 1052
348 1281
348 1287
348 1337
348 1392
348 1393
348 1478
348 1527
348 1536
348 1546
348 1674
348 1731
348 1801
348 1836
349 584
349 587
349 629
349 798
349 800
349 899
349 1005
349 1006
349 1051
349 1363
349 1364
349 1367
349 1399
349 1584
349 1619
349 1620
349 1639
349 1800
349 1838
349 2046
350 643
350 650
350 688
350 797
350 800
350 895
350 932
350 933
350 1024
350 1313
350 1390
350 1393
350 1469
350 1580
350 1665
350 1699
350 1706
350 1740
350 1798
350 1861
351 535
351 544
351 660
351 854
351 855
351 872
351 1021
351 1356
351 1357
351 1367
351 1390
351 1392
351 1468
351 1502
351 1505
351 1517
351 1664
351 1686
351 1892
351 2037
352 535
352 543
352 659
352 797
352 798
352 893
352 1020
352 1281
352 1283
352 1333
352 1444
352 1450
352 1465
352 1578
352 1607
352 1617
352 1638
352 1727
352 1782
352 1941
353 643
353 647
353 685
353 722
353 723
353 803
353 974
353 1354
353 1357
353 1364
353 1444
353 1449
353 1464
353 1527
353 1531
353 1541
353 1795
353 1831
353 1940
353 2034
354 518
354 521
354 675
354 865
354 943
354 950
354 965
354 1354
354 1356
354 1363
354 1374
354 1607
354 1615
354 1636
354 1699
354 1702
354 1736
354 1780
354 1857
354 2033
355 709
355 711
355 716
355 742
355 743
355 830
355 993
355 997
355 1054
355 1154
355 1550
355 1551
355 1572
355 1630
355 1637
355 1654
355 1737
355 1898
355 1943
355 2042
356 550
356 557
356 619
356 819
356 829
356 862
356 1010
356 1011
356 1076
356 1133
356 1445
356 1446
356 1467
356 1716
356 1825
356 1850
356 1851
356 1873
356 1943
356 1982
357 549
357 557
357 605
357 868
357 869
357 902
357 1017
357 1023
357 1063
357 1119
357 1434
357 1441
357 1458
357 1690
357 1691
357 1747
357 1813
357 1867
357 1898
357 1958
358 653
358 661
358 680
358 792
358 802
358 862
358 951
358 955
358 1054
358 1197
358 1201
358 1214
358 1463
358 1547
358 1612
358 1613
358 1669
358 1813
358 1845
358 1974
359 666
359 669
359 699
359 738
359 743
359 776
359 971
359 972
359 1076
359 1100
359 1590
359 1600
359 1601
359 1669
359 1747
359 1909
359 1928
359 1935
359 1942
359 1970
360 630
360 638
360 680
360 738
360 742
360 775
360 981
360 987
360 1063
360 1099
360 1560
360 1561
360 1583
360 1668
360 1724
360 1901
360 1904
360 1915
360 1982
360 2000
361 645
361 648
361 699
361 789
361 802
361 829
361 916
361 921
361 1038
361 1191
361 1388
361 1395
361 1458
361 1514
361 1654
361 1809
361 1856
361 1859
361 1870
361 2000
362 628
362 638
362 661
362 813
362 814
362 902
362 915
362 921
362 1029
362 1182
362 1376
362 1377
362 1467
362 1572
362 1678
362 1705
362 1792
362 1799
362 1806
362 1970
363 508
363 522
363 541
363 731
363 1147
363 1151
363 1214
363 1386
363 1395
363 1441
363 1533
363 1534
363 1583
363 1637
363 1744
363 1784
363 1791
363 1806
363 1873
363 1942
364 549
364 550
364 598
364 888
364 891
364 900
364 945
364 955
364 997
364 1112
364 1406
364 1783
364 1791
364 1799
364 1832
364 1835
364 1870
364 1915
364 1935
364 2020
365 641
365 648
365 669
365 882
365 885
365 900
365 976
365 987
365 1023
365 1145
365 1151
365 1201
365 1373
365 1377
365 1446
365 1551
365 1628
365 1731
365 1779
365 2005
366 508
366 519
366 538
366 728
366 1227
366 1228
366 1231
366 1373
366 1376
366 1445
366 1550
366 1593
366 1601
366 1613
366 1691
366 1830
366 1835
366 1859
366 1904
366 2046
367 595
367 597
367 716
367 880
367 885
367 891
367 915
367 916
367 1024
367 1177
367 1486
367 1529
367 1534
367 1561
367 1593
367 1600
367 1612
367 1690
367 1851
367 1996
368 641
368 645
368 666
368 807
368 814
368 869
368 945
368 951
368 993
368 1220
368 1221
368 1231
368 1402
368 1529
368 1533
368 1560
368 1645
368 1776
368 1850
368 2037
369 593
369 597
369 711
369 807
369 813
369 868
369 961
369 972
369 1011
369 1145
369 1147
369 1197
369 1481
369 1525
369 1644
369 1727
369 1830
369 1832
369 1856
369 1901
370 628
370 630
370 653
370 880
370 882
370 888
370 961
370 971
370 1010
370 1218
370 1221
370 1228
370 1386
370 1388
370 1434
370 1524
370 1630
370 1697
370 1993
370 2034
371 593
371 595
371 709
371 789
371 792
371 819
371 976
371 981
371 1017
371 1218
371 1220
371 1227
371 1479
371 1504
371 1622
371 1783
371 1784
371 1792
371 1928
371 2033
372 524
372 526
372 713
372 903
372 917
372 925
372 1050
372 1203
372 1325
372 1326
372 1347
372 1594
372 1603
372 1626
372 1704
372 1775
372 1778
372 1802
372 1902
372 1943
373 534
373 537
373 642
373 881
373 886
373 897
373 1003
373 1212
373 1213
373 1222
373 1314
373 1321
373 1338
373 1503
373 1512
373 1535
373 1704
373 1898
373 2002
373 2018
374 554
374 559
374 667
374 863
374 867
374 875
374 935
374 939
374 1054
374 1181
374 1343
374 1490
374 1499
374 1535
374 1626
374 1811
374 1812
374 1827
374 1931
374 2027
375 532
375 537
375 617
375 737
375 743
375 760
375 978
375 1084
375 1540
375 1543
375 1567
375 1745
375 1746
375 1761
375 1902
375 1978
375 1979
375 1986
375 2027
375 2032
376 682
376 683
376 690
376 737
376 742
376 759
376 1064
376 1067
376 1071
376 1083
376 1488
376 1499
376 1512
376 1603
376 1888
376 1891
376 1924
376 1960
376 1964
376 2030
377 551
377 559
377 634
377 730
377 734
377 890
377 1061
377 1148
377 1268
377 1275
377 1338
377 1519
377 1522
377 1567
377 1654
377 1802
377 1843
377 1846
377 1879
377 1960
378 532
378 534
378 614
378 821
378 825
378 875
378 975
378 1208
378 1209
378 1229
378 1256
378 1257
378 1347
378 1572
378 1729
378 1834
378 1837
378 1879
378 1924
378 2010
379 655
379 656
379 690
379 820
379 825
379 867
379 910
379 925
379 973
379 1126
379 1266
379 1275
379 1321
379 1637
379 1721
379 1814
379 1815
379 1822
379 1855
379 2032
380 654
380 656
380 683
380 811
380 816
380 897
380 929
380 939
380 997
380 1193
380 1194
380 1229
380 1286
380 1516
380 1522
380 1543
380 1673
380 1778
380 1848
380 1961
381 654
381 655
381 682
381 726
381 734
381 860
381 1031
381 1136
381 1137
381 1222
381 1253
381 1257
381 1326
381 1551
381 1674
381 1694
381 1695
381 1761
381 1827
381 1847
382 551
382 554
382 629
382 809
382 816
382 886
382 1019
382 1022
382 1071
382 1143
382 1253
382 1256
382 1325
382 1550
382 1662
382 1796
382 1797
382 1822
382 1875
382 1986
383 579
383 581
383 716
383 820
383 821
383 863
383 1018
383 1022
383 1067
383 1134
383 1137
383 1213
383 1366
383 1516
383 1519
383 1540
383 1665
383 1717
383 1775
383 1871
384 512
384 526
384 611
384 801
384 929
384 935
384 993
384 1134
384 1136
384 1212
384 1282
384 1664
384 1794
384 1797
384 1815
384 1828
384 1837
384 1846
384 1891
384 1979
385 577
385 581
385 711
385 726
385 730
385 856
385 1027
385 1188
385 1194
385 1209
385 1361
385 1488
385 1490
385 1503
385 1594
385 1794
385 1796
385 1814
385 1941
385 1978
386 512
386 524
386 609
386 799
386 1018
386 1019
386 1064
386 1188
386 1193
386 1208
386 1266
386 1268
386 1314
386 1630
386 1689
386 1695
386 1746
386 1812
386 1868
386 1940
387 577
387 579
387 709
387 809
387 811
387 881
387 910
387 917
387 965
387 1118
387 1359
387 1657
387 1689
387 1694
387 1745
387 1811
387 1828
387 1834
387 1843
387 1888
388 547
388 557
388 574
388 833
388 835
388 873
388 1028
388 1030
388 1065
388 1088
388 1398
388 1407
388 1430
388 1704
388 1793
388 1914
388 1956
388 1957
388 1963
388 2043
389 540
389 542
389 698
389 761
389 771
389 862
389 1059
389 1156
389 1162
389 1192
389 1322
389 1385
389 1394
389 1430
389 1626
389 1788
389 1965
389 1969
389 1980
389 2001
390 657
390 662
390 707
390 808
390 810
390 873
390 940
390 941
390 1076
390 1144
390 1150
390 1192
390 1365
390 1435
390 1438
390 1462
390 1649
390 1722
390 1872
390 1902
391 646
391 651
391 707
391 727
391 729
391 864
391 1035
391 1180
391 1185
391 1215
391 1335
391 1336
391 1358
391 1383
391 1394
391 1407
391 1603
391 1817
391 1911
391 1982
392 673
392 679
392 687
392 758
392 771
392 829
392 982
392 984
392 1065
392 1170
392 1175
392 1215
392 1289
392 1414
392 1417
392 1462
392 1670
392 1802
392 1866
392 1933
393 664
393 670
393 687
393 725
393 729
393 845
393 1016
393 1141
393 1150
393 1162
393 1241
393 1242
393 1347
393 1467
393 1676
393 1677
393 1683
393 1692
393 1897
393 2043
394 663
394 670
394 679
394 804
394 810
394 835
394 909
394 925
394 958
394 1111
394 1308
394 1309
394 1358
394 1611
394 1735
394 1739
394 1750
394 1873
394 1889
394 2001
395 547
395 550
395 567
395 725
395 727
395 843
395 1014
395 1081
395 1411
395 1417
395 1438
395 1728
395 1732
395 1750
395 1778
395 1980
395 2022
395 2024
395 2026
395 2045
396 533
396 542
396 635
396 804
396 808
396 833
396 996
396 1166
396 1175
396 1185
396 1238
396 1242
396 1326
396 1446
396 1609
396 1836
396 2007
396 2009
396 2011
396 2045
397 640
397 651
397 662
397 750
397 752
397 899
397 977
397 984
397 1030
397 1223
397 1238
397 1241
397 1325
397 1445
397 1635
397 1726
397 1732
397 1739
397 1772
397 1969
398 533
398 540
398 633
398 749
398 752
398 895
398 994
398 1219
398 1304
398 1309
398 1336
398 1411
398 1414
398 1435
398 1646
398 1647
398 1683
398 1775
398 1851
398 1963
399 511
399 526
399 596
399 786
399 977
399 982
399 1028
399 1141
399 1144
399 1156
399 1304
399 1308
399 1335
399 1633
399 1686
399 1850
399 1995
399 1997
399 2011
399 2026
400 663
400 664
400 673
400 749
400 750
400 893
400 930
400 941
400 1011
400 1217
400 1300
400 1383
400 1385
400 1398
400 1594
400 1883
400 1994
400 1997
400 2009
400 2024
401 511
401 524
401 594
401 784
401 930
401 940
401 1010
401 1166
401 1170
401 1180
401 1299
401 1643
401 1647
401 1677
401 1726
401 1728
401 1735
401 1831
401 1957
401 1965
402 640
402 646
402 657
402 758
402 761
402 819
402 909
402 917
402 950
402 1103
402 1279
402 1643
402 1646
402 1676
402 1767
402 1956
402 1994
402 1995
402 2007
402 2022
403 686
403 689
403 714
403 718
403 735
403 753
403 924
403 1296
403 1297
403 1353
403 1371
403 1380
403 1430
403 1535
403 1813
403 1884
403 1885
403 1900
403 1936
403 1988
404 530
404 537
404 588
404 794
404 796
404 873
404 949
404 1184
404 1186
404 1230
404 1284
404 1285
404 1353
404 1558
404 1747
404 1858
404 1860
404 1878
404 1926
404 2008
405 517
405 523
405 668
405 858
405 936
405 942
405 1063
405 1187
405 1190
405 1198
405 1352
405 1369
405 1380
405 1407
405 1512
405 1803
405 1805
405 1823
405 1930
405 2008
406 516
406 523
406 658
406 848
406 968
406 970
406 1065
406 1163
406 1165
406 1230
406 1239
406 1246
406 1338
406 1458
406 1579
406 1718
406 1719
406 1734
406 1826
406 1936
407 530
407 534
407 585
407 768
407 769
407 902
407 946
407 1168
407 1171
407 1198
407 1362
407 1585
407 1586
407 1592
407 1709
407 1710
407 1734
407 1849
407 1900
407 2043
408 636
408 639
408 714
408 790
408 796
408 835
408 1053
408 1055
408 1070
408 1167
408 1171
408 1190
408 1237
408 1246
408 1321
408 1441
408 1520
408 1758
408 1841
408 2004
409 547
409 549
409 566
409 782
409 787
409 897
409 1046
409 1048
409 1070
409 1080
409 1477
409 1707
409 1710
409 1719
409 1769
409 1771
409 1823
409 1878
409 1885
409 1983
410 705
410 706
410 715
410 790
410 794
410 833
410 931
410 942
410 1023
410 1107
410 1108
410 1222
410 1312
410 1478
410 1518
410 1707
410 1709
410 1718
410 1884
410 2035
411 700
411 701
411 715
411 780
411 787
411 886
411 963
411 970
411 1030
411 1167
411 1168
411 1187
411 1277
411 1285
411 1297
411 1466
411 1544
411 1691
411 1838
411 2025
412 516
412 517
412 652
412 842
412 1043
412 1048
412 1055
412 1105
412 1108
412 1213
412 1277
412 1284
412 1296
412 1469
412 1555
412 1556
412 1592
412 1690
412 1963
412 1968
413 631
413 639
413 689
413 762
413 769
413 869
413 963
413 968
413 1028
413 1105
413 1107
413 1212
413 1329
413 1468
413 1542
413 1733
413 1765
413 1771
413 1805
413 1860
414 697
414 701
414 706
414 762
414 768
414 868
414 1043
414 1046
414 1053
414 1155
414 1165
414 1186
414 1328
414 1369
414 1371
414 1398
414 1503
414 1782
414 1966
414 2016
415 697
415 700
415 705
415 718
415 723
415 741
415 912
415 1237
415 1239
415 1314
415 1434
415 1552
415 1556
415 1586
415 1765
415 1769
415 1803
415 1858
415 1957
415 2015
416 631
416 636
416 686
416 780
416 782
416 881
416 931
416 936
416 1017
416 1155
416 1163
416 1184
416 1306
416 1461
416 1552
416 1555
416 1585
416 1730
416 1780
416 1956
417 520
417 525
417 694
417 884
417 1013
417 1015
417 1025
417 1117
417 1123
417 1192
417 1271
417 1272
417 1353
417 1471
417 1472
417 1487
417 1553
417 1669
417 1829
417 2027
418 572
418 580
418 680
418 887
418 889
418 894
418 1002
418 1004
418 1025
418 1206
418 1210
418 1225
418 1330
418 1368
418 1380
418 1394
418 1499
418 1774
418 2006
418 2014
419 548
419 559
419 592
419 756
419 771
419 802
419 1001
419 1004
419 1015
419 1106
419 1262
419 1640
419 1641
419 1656
419 1764
419 1936
419 2038
419 2039
419 2041
419 2044
420 570
420 580
420 661
420 779
420 783
420 875
420 1066
420 1068
420 1077
420 1114
420 1123
420 1162
420 1311
420 1455
420 1523
420 1631
420 1632
420 1656
420 1900
420 2036
421 623
421 626
421 714
421 778
421 783
421 867
421 1001
421 1002
421 1013
421 1089
421 1093
421 1214
421 1350
421 1447
421 1566
421 1570
421 1581
421 1680
421 1762
421 2001
422 515
422 525
422 649
422 839
422 926
422 939
422 955
422 1172
422 1176
422 1225
422 1244
422 1559
422 1563
422 1581
422 1629
422 1632
422 1641
422 1876
422 1885
422 1980
423 531
423 542
423 608
423 847
423 849
423 894
423 969
423 1087
423 1093
423 1201
423 1337
423 1420
423 1421
423 1487
423 1629
423 1631
423 1640
423 1827
423 1869
423 1884
424 548
424 554
424 587
424 846
424 849
424 889
424 1040
424 1042
424 1077
424 1101
424 1264
424 1272
424 1297
424 1557
424 1563
424 1570
424 1613
424 1864
424 1962
424 1969
425 531
425 540
425 606
425 778
425 779
425 863
425 967
425 1169
425 1176
425 1210
425 1264
425 1271
425 1296
425 1443
425 1612
425 1861
425 1922
425 1923
425 1925
425 2044
426 618
426 626
426 689
426 846
426 847
426 887
426 926
426 935
426 951
426 1114
426 1117
426 1156
426 1240
426 1517
426 1655
426 1862
426 1919
426 1920
426 1925
426 2041
427 515
427 520
427 644
427 834
427 1037
427 1042
427 1068
427 1087
427 1089
427 1197
427 1333
427 1368
427 1371
427 1385
427 1490
427 1918
427 1920
427 1923
427 1953
427 2039
428 570
428 572
428 653
428 718
428 722
428 740
428 911
428 1303
428 1415
428 1421
428 1472
428 1557
428 1559
428 1566
428 1812
428 1918
428 1919
428 1922
428 1965
428 2038
429 618
429 623
429 686
429 756
429 761
429 792
429 1037
429 1040
429 1066
429 1169
429 1172
429 1206
429 1252
429 1415
429 1420
429 1471
429 1652
429 1811
429 1857
429 1951
430 607
430 612
430 707
430 737
430 738
430 755
430 990
430 992
430 1025
430 1079
430 1582
430 1659
430 1661
430 1679
430 1708
430 1944
430 1946
430 1955
430 2008
430 2019
431 575
431 578
431 699
431 866
431 870
431 896
431 989
431 992
431 1015
431 1138
431 1140
431 1230
431 1349
431 1375
431 1378
431 1462
431 1567
431 1682
431 1698
431 1952
432 530
432 532
432 583
432 857
432 861
432 896
432 944
432 1113
432 1123
432 1150
432 1332
432 1339
432 1346
432 1511
432 1863
432 1865
432 1874
432 1916
432 1970
432 2019
433 560
433 563
433 710
433 788
433 796
433 810
433 989
433 990
433 1013
433 1224
433 1324
433 1331
433 1346
433 1474
433 1475
433 1482
433 1495
433 1696
433 1942
433 2032
434 514
434 525
434 637
434 827
434 919
434 920
434 1058
434 1211
434 1323
434 1331
434 1339
434 1372
434 1378
434 1438
434 1543
434 1625
434 1627
434 1679
434 1878
434 1935
435 571
435 578
435 669
435 788
435 794
435 808
435 918
435 920
435 1052
435 1205
435 1319
435 1408
435 1409
435 1487
435 1493
435 1761
435 1842
435 1844
435 1874
435 1955
436 601
436 612
436 662
436 853
436 861
436 870
436 918
436 919
436 1051
436 1204
436 1263
436 1272
436 1285
436 1456
436 1457
436 1482
436 1537
436 1601
436 1890
436 1986
437 556
437 563
437 688
437 733
437 736
437 904
437 1075
437 1202
437 1263
437 1271
437 1284
437 1372
437 1375
437 1435
437 1540
437 1600
437 1840
437 1844
437 1865
437 1946
438 571
438 575
438 666
438 732
438 736
438 901
438 1072
438 1113
438 1117
438 1144
438 1316
438 1454
438 1457
438 1475
438 1505
438 1621
438 1627
438 1661
438 1860
438 1979
439 514
439 520
439 632
439 822
439 927
439 941
439 972
439 1130
439 1140
439 1186
439 1261
439 1454
439 1456
439 1474
439 1638
439 1840
439 1842
439 1863
439 1944
439 1978
440 556
440 560
440 685
440 853
440 857
440 866
440 927
440 940
440 971
440 1199
440 1260
440 1403
440 1409
440 1472
440 1621
440 1625
440 1659
440 1746
440 1858
440 1886
441 601
441 607
441 657
441 732
441 733
441 898
441 1069
441 1130
441 1138
441 1184
441 1323
441 1324
441 1332
441 1403
441 1408
441 1471
441 1532
441 1636
441 1745
441 1928
442 513
442 523
442 622
442 812
442 988
442 992
442 1004
442 1120
442 1125
442 1215
442 1341
442 1344
442 1355
442 1448
442 1451
442 1484
442 1576
442 1687
442 1960
442 2000
443 568
443 580
443 638
443 721
443 729
443 795
443 966
443 1132
443 1135
443 1198
443 1288
443 1439
443 1442
443 1484
443 1650
443 1808
443 1810
443 1819
443 1924
443 2019
444 590
444 591
444 690
444 905
444 906
444 907
444 988
444 990
444 1002
444 1131
444 1135
444 1190
444 1258
444 1259
444 1358
444 1460
444 1583
444 1642
444 1685
444 2047
445 589
445 591
445 683
445 721
445 727
445 793
445 964
445 1149
445 1153
445 1225
445 1317
445 1320
445 1355
445 1453
445 1614
445 1616
445 1679
445 1755
445 1823
445 1915
446 589
446 590
446 682
446 824
446 826
446 894
446 928
446 942
446 987
446 1116
446 1125
446 1185
446 1276
446 1452
446 1546
446 1748
446 1787
446 1789
446 1819
446 1955
447 600
447 612
447 651
447 823
447 826
447 889
447 954
447 957
447 1071
447 1131
447 1132
447 1187
447 1315
447 1320
447 1344
447 1480
447 1526
447 1639
447 1743
447 1904
448 513
448 517
448 616
448 806
448 953
448 957
448 1067
448 1146
448 1153
448 1210
448 1254
448 1259
448 1336
448 1476
448 1561
448 1740
448 1785
448 1789
448 1810
448 1946
449 528
449 544
449 562
449 823
449 824
449 887
449 923
449 1254
449 1258
449 1335
449 1433
449 1442
449 1451
449 1560
449 1610
449 1616
449 1661
449 1741
449 1805
449 1891
450 528
450 543
450 561
450 878
450 879
450 907
450 922
450 1315
450 1317
450 1341
450 1368
450 1369
450 1383
450 1488
450 1785
450 1787
450 1808
450 1901
450 1944
450 1991
451 568
451 572
451 630
451 877
451 879
451 906
451 953
451 954
451 1064
451 1116
451 1120
451 1180
451 1280
451 1473
451 1541
451 1610
451 1614
451 1659
451 1803
451 1990
452 600
452 607
452 646
452 877
452 878
452 905
452 928
452 936
452 981
452 1146
452 1149
452 1206
452 1270
452 1433
452 1439
452 1448
452 1521
452 1736
452 1888
452 1989
453 604
453 610
453 687
453 836
453 840
453 896
453 908
453 921
453 938
453 1091
453 1429
453 1432
453 1484
453 1562
453 1598
453 1599
453 1656
453 1734
453 1816
453 1879
454 603
454 610
454 679
454 747
454 751
454 883
454 988
454 989
454 1001
454 1207
454 1233
454 1246
454 1275
454 1395
454 1554
454 1684
454 2013
454 2017
454 2021
454 2031
455 545
455 546
455 717
455 746
455 751
455 876
455 1078
455 1200
455 1307
455 1310
455 1355
455 1370
455 1378
455 1417
455 1522
455 1596
455 1599
455 1641
455 1719
455 1870
456 569
456 578
456 648
456 720
456 734
456 785
456 956
456 1115
456 1125
456 1175
456 1298
456 1536
456 1596
456 1598
456 1640
456 1718
456 1977
456 1981
456 1985
456 2031
457 548
457 551
457 584
457 832
457 840
457 870
457 959
457 970
457 984
457 1098
457 1305
457 1310
457 1344
457 1498
457 1790
457 1859
457 1972
457 1976
457 1985
457 2021
458 513
458 516
458 615
458 805
458 908
458 916
458 933
458 1086
458 1370
458 1375
458 1414
458 1519
458 1756
458 1757
458 1759
458 1971
458 1976
458 1981
458 2017
458 2044
459 569
459 575
459 645
459 746
459 747
459 872
459 959
459 968
459 982
459 1196
459 1295
459 1423
459 1432
459 1451
459 1496
459 1753
459 1754
459 1759
459 1846
459 2041
460 603
460 604
460 673
460 720
460 730
460 781
460 952
460 1128
460 1140
460 1165
460 1305
460 1307
460 1341
460 1548
460 1617
460 1752
460 1754
460 1757
460 1856
460 2039
461 539
461 546
461 696
461 832
461 836
461 866
461 1057
461 1115
461 1120
461 1170
461 1233
461 1239
461 1268
461 1388
461 1531
461 1752
461 1753
461 1756
461 1786
461 2038
462 539
462 545
462 695
462 756
462 758
462 789
462 1056
462 1128
462 1138
462 1163
462 1249
462 1423
462 1429
462 1448
462 1615
462 1843
462 1971
462 1972
462 1977
462 2013
463 602
463 610
463 670
463 774
463 783
463 825
463 1060
463 1062
463 1074
463 1129
463 1135
463 1171
463 1294
463 1301
463 1346
463 1405
463 1545
463 1623
463 1806
463 2023
464 703
464 704
464 708
464 721
464 725
464 791
464 962
464 1109
464 1110
464 1229
464 1293
464 1301
464 1339
464 1485
464 1595
464 1599
464 1632
464 1710
464 1799
464 2028
465 509
465 527
465 564
465 754
465 1047
465 1049
465 1074
465 1232
465 1242
465 1257
465 1377
465 1595
465 1598
465 1631
465 1709
465 1768
465 1770
465 1819
465 1874
465 1987
466 692
466 693
466 708
466 831
466 840
466 861
466 998
466 1000
466 1077
466 1129
466 1132
466 1168
466 1232
466 1241
466 1256
466 1376
466 1620
466 1760
466 1781
466 2003
467 691
467 693
467 704
467 774
467 779
467 821
467 908
467 915
467 932
467 1085
467 1401
467 1500
467 1501
467 1592
467 1683
467 1766
467 1770
467 1810
467 1865
467 1999
468 691
468 692
468 703
468 757
468 769
468 814
468 1044
468 1049
468 1062
468 1113
468 1114
468 1141
468 1274
468 1422
468 1432
468 1442
468 1502
468 1837
468 1975
468 1998
469 602
469 604
469 664
469 757
469 768
469 813
469 995
469 1000
469 1068
469 1104
469 1110
469 1209
469 1273
469 1465
469 1539
469 1751
469 1766
469 1768
469 1808
469 1863
470 568
470 570
470 628
470 831
470 836
470 857
470 1044
470 1047
470 1060
470 1104
470 1109
470 1208
470 1278
470 1464
470 1497
470 1501
470 1586
470 1677
470 1777
470 1973
471 509
471 521
471 558
471 748
471 995
471 998
471 1066
471 1293
471 1294
471 1332
471 1422
471 1429
471 1439
471 1497
471 1500
471 1585
471 1676
471 1749
471 1792
471 1834
472 586
472 591
472 656
472 744
472 751
472 859
472 983
472 985
472 1070
472 1183
472 1292
472 1301
472 1331
472 1426
472 1509
472 1513
472 1581
472 1675
472 1750
472 1791
473 586
473 590
473 655
473 788
473 790
473 804
473 1039
473 1041
473 1074
473 1082
473 1093
473 1151
473 1287
473 1425
473 1489
473 1913
473 1917
473 1921
473 1959
473 2031
474 508
474 510
474 529
474 719
474 1129
474 1131
474 1167
474 1418
474 1419
474 1482
474 1507
474 1513
474 1570
474 1619
474 1739
474 1822
474 1908
474 1912
474 1921
474 2021
475 552
475 563
475 650
475 774
475 778
475 820
475 980
475 985
475 1055
475 1164
475 1251
475 1259
475 1309
475 1400
475 1534
475 1660
475 1907
475 1912
475 1917
475 2017
476 613
476 626
476 639
476 744
476 747
476 855
476 1036
476 1041
476 1062
476 1179
476 1251
476 1258
476 1308
476 1416
476 1419
476 1475
476 1533
476 1605
476 1815
476 1947
477 602
477 603
477 663
477 851
477 852
477 907
477 980
477 983
477 1053
477 1082
477 1089
477 1147
477 1283
477 1416
477 1418
477 1474
477 1538
477 1658
477 1814
477 1882
478 552
478 560
478 647
478 850
478 852
478 906
478 1036
478 1039
478 1060
478 1161
478 1233
478 1237
478 1266
478 1386
478 1507
478 1509
478 1566
478 1735
478 1881
478 1945
479 613
479 623
479 636
479 850
479 851
479 905
479 909
479 910
479 943
479 1096
479 1292
479 1294
479 1324
479 1602
479 1784
479 1880
479 1907
479 1908
479 1913
479 2013
480 586
480 589
480 654
480 767
480 770
480 900
480 913
480 920
480 1007
480 1160
480 1360
480 1424
480 1587
480 1589
480 1591
480 1595
480 1596
480 1629
480 1707
480 2045
481 677
481 678
481 708
481 773
481 787
481 816
481 913
481 919
481 1006
481 1159
481 1302
481 1310
481 1320
481 1396
481 1506
481 1513
481 1563
481 1732
481 1835
481 1954
482 676
482 678
482 704
482 765
482 770
482 891
482 979
482 985
482 1048
482 1142
482 1153
482 1176
482 1351
482 1370
482 1372
482 1411
482 1516
482 1653
482 1706
482 1950
483 676
483 677
483 703
483 744
483 746
483 854
483 926
483 929
483 945
483 1178
483 1234
483 1575
483 1577
483 1591
483 1606
483 1616
483 1627
483 1771
483 1949
483 2026
484 514
484 515
484 627
484 817
484 979
484 983
484 1046
484 1102
484 1110
484 1194
484 1302
484 1307
484 1317
484 1450
484 1574
484 1577
484 1589
484 1651
484 1832
484 2024
485 536
485 546
485 672
485 765
485 767
485 888
485 1033
485 1102
485 1109
485 1193
485 1348
485 1449
485 1506
485 1509
485 1559
485 1606
485 1614
485 1625
485 1728
485 1769
486 536
486 545
486 671
486 773
486 782
486 811
486 1032
486 1142
486 1149
486 1172
486 1292
486 1293
486 1323
486 1391
486 1574
486 1575
486 1587
486 1702
486 1783
486 2022
487 624
487 625
487 715
487 818
487 826
487 849
487 913
487 918
487 1005
487 1158
487 1232
487 1238
487 1253
487 1373
487 1681
487 1703
487 1895
487 1899
487 1921
487 1985
488 531
488 533
488 599
488 764
488 770
488 885
488 960
488 1097
488 1108
488 1137
488 1345
488 1393
488 1763
488 1770
488 1789
488 1844
488 1894
488 1899
488 1917
488 1981
489 569
489 571
489 641
489 818
489 824
489 847
489 1034
489 1041
489 1049
489 1097
489 1107
489 1136
489 1291
489 1392
489 1569
489 1571
489 1591
489 1701
489 1934
489 2011
490 621
490 625
490 706
490 720
490 726
490 777
490 948
490 1082
490 1087
490 1145
490 1281
490 1568
490 1571
490 1589
490 1672
490 1763
490 1768
490 1787
490 1842
490 2009
491 621
491 624
491 705
491 764
491 767
491 882
491 1034
491 1039
491 1047
491 1115
491 1116
491 1166
491 1342
491 1397
491 1409
491 1421
491 1527
491 1671
491 1695
491 1932
492 509
492 518
492 555
492 745
492 928
492 931
492 976
492 1265
492 1397
492 1408
492 1420
492 1568
492 1569
492 1587
492 1694
492 1894
492 1895
492 1913
492 1977
492 2007
493 674
493 678
493 693
493 739
493 752
493 800
493 947
493 957
493 1022
493 1124
493 1263
493 1264
493 1277
493 1431
493 1593
493 1893
493 1899
493 1912
493 1939
493 1976
494 674
494 677
494 692
494 818
494 823
494 846
494 959
494 963
494 977
494 1094
494 1095
494 1231
494 1367
494 1413
494 1419
494 1457
494 1491
494 1700
494 1797
494 1938
495 620
495 625
495 701
495 739
495 750
495 798
495 991
495 1000
495 1042
495 1122
495 1302
495 1305
495 1315
495 1413
495 1418
495 1456
495 1667
495 1725
495 1796
495 1830
496 620
496 624
496 700
496 831
496 832
496 853
496 947
496 954
496 1019
496 1092
496 1095
496 1228
496 1364
496 1428
496 1506
496 1507
496 1557
496 1666
496 1726
496 1773
497 600
497 601
497 640
497 773
497 780
497 809
497 991
497 998
497 1040
497 1092
497 1094
497 1227
497 1363
497 1389
497 1515
497 1723
497 1893
497 1895
497 1908
497 1972
498 674
498 676
498 691
498 724
498 736
498 841
498 1012
498 1097
498 1105
498 1134
498 1251
498 1254
498 1304
498 1390
498 1529
498 1714
498 1715
498 1759
498 1925
498 1937
499 565
499 581
499 597
499 739
499 749
499 797
499 979
499 980
499 1043
499 1121
499 1247
499 1648
499 1713
499 1715
499 1757
499 1763
499 1766
499 1785
499 1840
499 1923
500 552
500 556
500 643
500 764
500 765
500 880
500 947
500 953
500 1018
500 1157
500 1340
500 1427
500 1492
500 1501
500 1556
500 1647
500 1713
500 1714
500 1756
500 1922
501 565
501 579
501 595
501 724
501 733
501 838
501 1009
501 1142
501 1146
501 1169
501 1245
501 1492
501 1500
501 1555
501 1646
501 1699
501 1893
501 1894
501 1907
501 1971
502 528
502 535
502 553
502 757
502 762
502 807
502 914
502 1267
502 1413
502 1416
502 1454
502 1565
502 1571
502 1577
502 1712
502 1715
502 1754
502 1794
502 1920
502 1997
503 511
503 512
503 582
503 772
503 1034
503 1036
503 1044
503 1090
503 1095
503 1221
503 1357
503 1606
503 1610
503 1621
503 1712
503 1714
503 1753
503 1765
503 1919
503 1929
504 613
504 618
504 631
504 724
504 732
504 837
504 1008
504 1090
504 1094
504 1220
504 1356
504 1422
504 1423
504 1433
504 1565
504 1569
504 1575
504 1597
504 1828
504 1995
505 620
505 621
505 697
505 844
505 852
505 879
505 927
505 930
505 961
505 1102
505 1104
505 1188
505 1250
505 1444
505 1663
505 1712
505 1713
505 1752
505 1854
505 1918
506 565
506 577
506 593
506 844
506 851
506 878
506 991
506 995
506 1037
506 1128
506 1130
506 1155
506 1243
506 1565
506 1568
506 1574
506 1607
506 1720
506 1853
506 1994
507 536
507 539
507 665
507 844
507 850
507 877
507 1026
507 1090
507 1092
507 1218
507 1354
507 1397
507 1403
507 1415
507 1492
507 1497
507 1552
507 1643
507 1689
507 1852
508 1104
508 1107
508 1206
508 1334
508 1462
508 1499
508 1501
508 1591
508 1682
508 1707
508 1713
508 1722
508 1766
508 1771
508 1811
508 1866
508 1888
509 951
509 954
509 1053
509 1320
509 1321
509 1365
509 1462
509 1503
509 1506
509 1529
509 1612
509 1614
509 1670
509 1698
509 1814
509 1925
509 1948
510 1045
510 1184
510 1185
510 1229
510 1383
510 1390
510 1403
510 1517
510 1522
510 1552
510 1599
510 1787
510 1858
510 1861
510 1879
510 1925
510 2009
511 918
511 921
511 1053
511 1206
511 1263
511 1270
511 1283
511 1588
511 1599
511 1774
511 1782
511 1799
511 1841
511 1844
511 1870
511 1899
511 1951
512 985
512 987
512 1077
512 1142
512 1145
512 1168
512 1292
512 1297
512 1327
512 1483
512 1682
512 1698
512 1787
512 1900
512 1901
512 1907
512 1992
513 971
513 973
513 1077
513 1160
513 1162
513 1218
513 1234
513 1241
513 1283
513 1403
513 1591
513 1814
513 1833
513 1928
513 1934
513 1941
513 1969
514 1024
514 1030
514 1039
514 1115
514 1118
514 1168
514 1233
514 1241
514 1270
514 1390
514 1529
514 1804
514 1888
514 2030
514 2031
514 2037
514 2043
515 1017
515 1022
515 1062
515 1135
515 1137
515 1218
515 1253
515 1258
515 1327
515 1434
515 1442
515 1459
515 1552
515 1670
515 1738
515 1866
515 1899
516 1006
516 1011
516 1062
516 1113
516 1118
516 1145
516 1343
516 1346
516 1364
516 1446
516 1449
516 1475
516 1506
516 1634
516 1811
516 1951
516 2009
517 991
517 997
517 1039
517 1093
517 1094
517 1229
517 1365
517 1413
517 1421
517 1459
517 1565
517 1566
517 1572
517 1624
517 1722
517 1799
517 1992
518 990
518 997
518 1030
518 1216
518 1250
518 1258
518 1297
518 1427
518 1430
518 1475
518 1522
518 1648
518 1654
518 1661
518 1713
518 1870
518 1969
519 937
519 1113
519 1115
519 1142
519 1411
519 1421
519 1442
519 1503
519 1640
519 1646
519 1661
519 1782
519 1941
519 2018
519 2019
519 2022
519 2038
520 909
520 921
520 954
520 1107
520 1309
520 1312
520 1364
520 1541
520 1542
520 1572
520 1639
520 1646
520 1654
520 1693
520 1879
520 1907
520 1934
521 1001
521 1011
521 1022
521 1195
521 1233
521 1234
521 1263
521 1383
521 1540
521 1542
521 1566
521 1771
521 1901
521 1982
521 1983
521 1986
521 2038
522 934
522 1128
522 1137
522 1162
522 1423
522 1430
522 1449
522 1540
522 1541
522 1565
522 1614
522 1754
522 1755
522 1761
522 1844
522 1900
522 2043
523 909
523 918
523 951
523 1104
523 1250
523 1253
523 1292
523 1517
523 1618
523 1750
523 1751
523 1761
523 1973
523 1974
523 1986
523 2022
523 2037
524 990
524 991
524 1024
524 1128
524 1135
524 1160
524 1305
524 1312
524 1346
524 1381
524 1612
524 1707
524 1861
524 1972
524 1974
524 1983
524 2019
525 959
525 973
525 987
525 1085
525 1094
525 1185
525 1321
525 1423
525 1427
525 1446
525 1501
525 1688
525 1841
525 1972
525 1973
525 1982
525 2018
526 1001
526 1006
526 1017
526 1085
526 1093
526 1184
526 1320
526 1379
526 1639
526 1640
526 1648
526 1747
526 1751
526 1755
526 1766
526 1928
526 2031
527 959
527 971
527 985
527 1189
527 1305
527 1309
527 1343
527 1411
527 1413
527 1434
527 1499
527 1747
527 1750
527 1754
527 1774
527 1858
527 2030
528 780
528 783
528 882
528 1277
528 1289
528 1301
528 1462
528 1551
528 1555
528 1581
528 1630
528 1632
528 1649
528 1695
528 1877
528 1893
528 1952
529 874
529 1141
529 1153
529 1165
529 1371
529 1372
529 1422
529 1527
529 1674
529 1676
529 1679
529 1695
529 1936
529 1940
529 1946
529 1995
529 2039
530 747
530 750
530 882
530 1206
530 1251
530 1252
530 1302
530 1527
530 1608
530 1731
530 1732
530 1759
530 1989
530 2014
530 2017
530 2024
530 2034
531 814
531 816
531 906
531 1190
531 1194
531 1220
531 1236
531 1237
531 1302
531 1422
531 1682
531 1742
531 1792
531 1796
531 1803
531 1952
531 1967
532 800
532 802
532 906
532 1178
532 1180
532 1197
532 1358
532 1360
532 1363
532 1412
532 1591
532 1699
532 1701
532 1735
532 1856
532 1893
532 2039
533 853
533 859
533 868
533 1083
533 1095
533 1165
533 1301
533 1457
533 1458
533 1485
533 1573
533 1621
533 1623
533 1657
533 1856
533 1888
533 1989
534 846
534 851
534 891
534 1082
534 1095
534 1153
534 1289
534 1387
534 1557
534 1561
534 1568
534 1866
534 1913
534 1915
534 1919
534 1967
534 2029
535 835
535 840
535 891
535 1226
535 1232
535 1237
535 1252
535 1372
535 1598
535 1600
535 1657
535 1735
535 1811
535 1931
535 1935
535 1957
535 1985
536 820
536 826
536 868
536 1132
536 1134
536 1197
536 1232
536 1236
536 1251
536 1371
536 1649
536 1722
536 1813
536 1815
536 1819
536 2012
536 2029
537 819
537 826
537 859
537 1121
537 1125
537 1220
537 1340
537 1344
537 1350
537 1384
537 1581
537 1713
537 1850
537 1854
537 1876
537 1985
537 1995
538 766
538 1130
538 1134
538 1180
538 1407
538 1408
538 1485
538 1519
538 1523
538 1568
538 1632
538 1759
538 1803
538 1842
538 1846
538 1876
538 1957
539 738
539 750
539 783
539 1107
539 1325
539 1329
539 1350
539 1518
539 1523
539 1561
539 1594
539 1600
539 1623
539 1701
539 1796
539 1927
539 1946
540 830
540 840
540 851
540 1130
540 1132
540 1178
540 1324
540 1329
540 1344
540 1474
540 1477
540 1484
540 1510
540 1630
540 1771
540 1940
540 2034
541 763
541 1117
541 1125
541 1194
541 1469
541 1472
541 1484
541 1555
541 1594
541 1598
541 1621
541 1699
541 1778
541 1780
541 1819
541 1919
541 2024
542 738
542 747
542 780
542 1104
542 1273
542 1275
542 1363
542 1508
542 1679
542 1777
542 1780
542 1815
542 1838
542 1846
542 1854
542 1915
542 1935
543 819
543 820
543 853
543 1174
543 1272
543 1275
543 1360
543 1467
543 1472
543 1477
543 1518
543 1519
543 1557
543 1676
543 1707
543 1792
543 2017
544 788
544 802
544 816
544 1173
544 1324
544 1325
544 1340
544 1401
544 1408
544 1458
544 1501
544 1732
544 1777
544 1778
544 1813
544 1913
544 1936
545 830
545 835
545 846
545 1117
545 1121
545 1190
545 1272
545 1273
545 1358
545 1401
545 1407
545 1457
545 1551
545 1674
545 1731
545 1766
545 1906
546 788
546 800
546 814
546 1082
546 1083
546 1141
546 1277
546 1467
546 1469
546 1474
546 1499
546 1838
546 1842
546 1850
546 1905
546 1931
546 2014
547 860
547 861
547 905
547 988
547 1000
547 1012
547 1443
547 1448
547 1456
547 1494
547 1695
547 1862
547 1863
547 1868
547 1925
547 1932
547 2013
548 729
548 732
548 882
548 1053
548 1323
548 1328
548 1336
548 1520
548 1524
548 1575
548 1627
548 1628
548 1683
548 1711
548 1810
548 1882
548 1932
549 818
549 821
549 844
549 1037
549 1041
549 1067
549 1269
549 1415
549 1419
549 1470
549 1698
549 1810
549 1918
549 1921
549 1924
549 1952
549 2040
550 836
550 838
550 894
550 1025
550 1027
550 1044
550 1255
550 1431
550 1432
550 1487
550 1721
550 1723
550 1753
550 1814
550 1882
550 1893
550 1955
551 791
551 794
551 844
551 930
551 942
551 1012
551 1301
551 1437
551 1529
551 1643
551 1645
551 1675
551 1955
551 1994
551 1996
551 2008
551 2023
552 811
552 813
552 894
552 929
552 942
552 1000
552 1289
552 1376
552 1380
552 1470
552 1575
552 1670
552 1828
552 1830
552 1839
552 1884
552 1984
553 789
553 794
553 821
553 1073
553 1347
553 1348
553 1353
553 1395
553 1396
553 1487
553 1506
553 1683
553 1773
553 1775
553 1784
553 1884
553 2013
554 769
554 770
554 905
554 979
554 981
554 1044
554 1365
554 1404
554 1583
554 1586
554 1589
554 1649
554 1763
554 1765
554 1784
554 1839
554 2040
555 892
555 968
555 972
555 1067
555 1239
555 1244
555 1336
555 1456
555 1581
555 1601
555 1603
555 1675
555 1753
555 1762
555 1765
555 1775
555 1830
556 789
556 791
556 818
556 977
556 981
556 1027
556 1238
556 1244
556 1328
556 1448
556 1503
556 1632
556 1820
556 2000
556 2002
556 2011
556 2036
557 720
557 732
557 783
557 954
557 1248
557 1743
557 1745
557 1757
557 1762
557 1763
557 1773
557 1828
557 1979
557 1981
557 1990
557 2023
557 2036
558 871
558 977
558 979
558 1025
558 1307
558 1308
558 1353
558 1370
558 1380
558 1419
558 1524
558 1630
558 1737
558 1739
558 1757
558 1868
558 2008
559 804
559 813
559 838
559 964
559 972
559 1041
559 1306
559 1308
559 1348
559 1399
559 1555
559 1614
559 1863
559 1968
559 1970
559 1990
559 2011
560 720
560 729
560 780
560 951
560 1306
560 1307
560 1347
560 1544
560 1547
560 1589
560 1596
560 1603
560 1645
560 1723
560 1798
560 1862
560 1924
561 804
561 811
561 836
561 1021
561 1238
561 1239
561 1323
561 1443
561 1543
561 1547
561 1586
561 1612
561 1734
561 1739
561 1745
561 1921
561 1996
562 761
562 770
562 861
562 1020
562 1321
562 1370
562 1376
562 1415
562 1520
562 1596
562 1601
562 1643
562 1721
562 1965
562 1970
562 1981
562 2002
563 761
563 769
563 860
563 964
563 968
563 1037
563 1320
563 1385
563 1396
563 1432
563 1551
563 1628
563 1734
563 1737
563 1743
563 1795
563 1994
564 865
564 929
564 930
564 988
564 1277
564 1385
564 1395
564 1431
564 1543
564 1544
564 1583
564 1627
564 1918
564 1965
564 1968
564 1979
564 2000
565 803
565 810
565 823
565 962
565 963
565 1013
565 1187
565 1192
565 1200
565 1527
565 1599
565 1801
565 1805
565 1816
565 1932
565 2001
565 2042
566 832
566 837
566 867
566 947
566 948
566 1013
566 1133
566 1422
566 1748
566 1749
566 1756
566 1787
566 1975
566 1976
566 1991
566 2027
566 2032
567 774
567 781
567 823
567 1069
567 1071
567 1074
567 1119
567 1403
567 1764
567 1770
567 1797
567 1852
567 1886
567 1891
567 1917
567 1953
567 2039
568 773
568 781
568 810
568 913
568 925
568 1012
568 1165
568 1390
568 1579
568 1580
568 1587
568 1845
568 1892
568 1895
568 1902
568 1966
568 2032
569 793
569 798
569 867
569 912
569 925
569 1000
569 1153
569 1461
569 1465
569 1476
569 1552
569 1620
569 1626
569 1653
569 1852
569 1909
569 2001
570 883
570 886
570 904
570 943
570 948
570 963
570 1211
570 1212
570 1217
570 1372
570 1609
570 1615
570 1653
570 1724
570 1797
570 2009
570 2013
571 752
571 753
571 905
571 943
571 947
571 962
571 1229
571 1371
571 1642
571 1647
571 1673
571 1726
571 1729
571 1736
571 1809
571 1953
571 1966
572 790
572 798
572 837
572 1051
572 1055
572 1061
572 1103
572 1108
572 1200
572 1456
572 1522
572 1633
572 1638
572 1673
572 1705
572 1917
572 1995
573 731
573 1102
573 1108
573 1192
573 1448
573 1576
573 1577
573 1592
573 1606
573 1615
573 1626
573 1709
573 1712
573 1736
573 1770
573 1902
573 2027
574 849
574 852
574 904
574 1036
574 1040
574 1061
574 1112
574 1416
574 1420
574 1476
574 1708
574 1712
574 1729
574 1816
574 1879
574 1895
574 1946
575 773
575 774
575 803
575 1035
575 1040
575 1055
575 1171
575 1172
575 1217
575 1383
575 1563
575 1564
575 1592
575 1779
575 1868
575 1940
575 1991
576 728
576 1170
576 1172
576 1212
576 1414
576 1420
576 1465
576 1511
576 1512
576 1587
576 1629
576 1638
576 1647
576 1756
576 1805
576 1863
576 1891
577 790
577 793
577 832
577 984
577 986
577 1074
577 1170
577 1171
577 1211
577 1486
577 1517
577 1679
577 1708
577 1709
577 1726
577 1862
577 1892
578 845
578 852
578 886
578 983
578 986
578 1071
578 1102
578 1103
578 1187
578 1443
578 1509
578 1512
578 1580
578 1676
578 1749
578 1776
578 1861
579 744
579 753
579 861
579 1035
579 1036
579 1051
579 1185
579 1481
579 1509
579 1511
579 1579
579 1606
579 1609
579 1620
579 1748
579 1764
579 1936
580 744
580 752
580 860
580 983
580 984
580 1069
580 1184
580 1414
580 1416
580 1461
580 1558
580 1564
580 1577
580 1674
580 1697
580 1801
580 1976
581 845
581 849
581 883
581 912
581 913
581 988
581 1141
581 1479
581 1558
581 1563
581 1576
581 1629
581 1633
581 1642
581 1858
581 1886
581 1975
582 903
582 931
582 932
582 1013
582 1159
582 1163
582 1214
582 1302
582 1650
582 1651
582 1669
582 1718
582 1725
582 1740
582 1810
582 1942
582 1977
583 758
583 765
583 823
583 1003
583 1175
583 1176
583 1231
583 1283
583 1559
583 1560
583 1578
583 1882
583 1903
583 1904
583 1922
583 1977
583 2007
584 757
584 765
584 810
584 1048
584 1049
584 1076
584 1181
584 1270
584 1549
584 1556
584 1571
584 1768
584 1769
584 1818
584 1873
584 1942
584 1989
585 854
585 862
585 879
585 978
585 1120
585 1124
585 1214
585 1341
585 1345
585 1356
585 1575
585 1702
585 1703
585 1752
585 1873
585 1899
585 2001
586 866
586 869
586 895
586 927
586 932
586 963
586 1139
586 1140
586 1231
586 1252
586 1683
586 1691
586 1692
586 1752
586 1818
586 1951
586 1964
587 833
587 841
587 879
587 927
587 931
587 962
587 1148
587 1251
587 1659
587 1660
587 1678
587 1799
587 1944
587 1947
587 1956
587 2007
587 2020
588 847
588 850
588 895
588 975
588 1087
588 1092
588 1200
588 1336
588 1507
588 1514
588 1571
588 1740
588 1870
588 1908
588 1911
588 1920
588 2020
589 831
589 841
589 862
589 998
589 999
589 1076
589 1086
589 1092
589 1192
589 1328
589 1496
589 1497
589 1578
589 1669
589 1759
589 1782
589 1855
590 718
590 732
590 750
590 921
590 1296
590 1300
590 1356
590 1505
590 1514
590 1556
590 1635
590 1636
590 1678
590 1725
590 1816
590 1848
590 1922
591 757
591 758
591 803
591 1065
591 1068
591 1075
591 1114
591 1124
591 1163
591 1263
591 1524
591 1847
591 1887
591 1890
591 1920
591 1956
591 2034
592 843
592 850
592 869
592 1060
592 1063
592 1075
592 1143
592 1294
592 1300
592 1345
592 1493
592 1497
592 1560
592 1651
592 1805
592 1844
592 2024
593 718
593 729
593 747
593 918
593 1366
593 1493
593 1496
593 1559
593 1650
593 1684
593 1692
593 1703
593 1769
593 1885
593 1890
593 1911
593 1947
594 801
594 1058
594 1063
594 1068
594 1086
594 1087
594 1187
594 1323
594 1631
594 1636
594 1660
594 1684
594 1691
594 1702
594 1768
594 1904
594 2017
595 843
595 847
595 866
595 992
595 999
595 1049
595 1114
595 1120
595 1159
595 1361
595 1520
595 1631
595 1635
595 1659
595 1732
595 1841
595 1903
596 799
596 992
596 998
596 1048
596 1129
596 1140
596 1176
596 1294
596 1296
596 1341
596 1628
596 1731
596 1801
596 1885
596 1887
596 1908
596 1944
597 831
597 833
597 854
597 1058
597 1060
597 1065
597 1129
597 1139
597 1175
597 1359
597 1505
597 1507
597 1549
597 1627
597 1718
597 1774
597 2014
598 734
598 736
598 906
598 1077
598 1088
598 1454
598 1455
598 1473
598 1685
598 1694
598 1715
598 1781
598 1840
598 1843
598 1864
598 1945
598 1977
599 743
599 746
599 844
599 1059
599 1168
599 1354
599 1355
599 1362
599 1444
599 1451
599 1466
599 1607
599 1616
599 1637
599 1781
599 1942
599 2032
600 762
600 767
600 867
600 1043
600 1047
600 1054
600 1105
600 1109
600 1214
600 1327
600 1470
600 1595
600 1604
600 1637
600 1715
600 1872
600 1967
601 741
601 746
601 821
601 926
601 932
601 948
601 1145
601 1237
601 1641
601 1644
601 1665
601 1817
601 1945
601 2004
601 2005
601 2010
601 2041
602 880
602 881
602 887
602 926
602 931
602 947
602 1222
602 1225
602 1228
602 1236
602 1593
602 1604
602 1616
602 1694
602 1933
602 1992
602 2040
603 759
603 767
603 837
603 920
603 924
603 1067
603 1220
603 1297
603 1402
603 1409
603 1466
603 1622
603 1625
603 1665
603 1740
603 1864
603 1897
604 741
604 743
604 818
604 1005
604 1009
604 1054
604 1142
604 1351
604 1352
604 1367
604 1391
604 1392
604 1473
604 1669
604 1803
604 1889
604 2027
605 856
605 857
605 887
605 1004
605 1009
605 1047
605 1081
605 1400
605 1409
605 1451
605 1725
605 1796
605 1874
605 1875
605 1880
605 1907
605 2041
606 855
606 857
606 881
606 996
606 1099
606 1109
606 1163
606 1338
606 1339
606 1367
606 1419
606 1619
606 1625
606 1644
606 1843
606 1901
606 1991
607 855
607 856
607 880
607 916
607 924
607 1041
607 1194
607 1286
607 1287
607 1362
607 1388
607 1392
607 1455
607 1651
607 1756
607 1772
607 1900
608 759
608 762
608 832
608 994
608 1183
608 1186
608 1228
608 1292
608 1388
608 1391
608 1454
608 1650
608 1859
608 1860
608 1880
608 1924
608 2010
609 786
609 1004
609 1005
609 1043
609 1182
609 1186
609 1225
609 1284
609 1287
609 1355
609 1619
609 1622
609 1641
609 1749
609 1792
609 1840
609 1921
610 722
610 736
610 816
610 987
610 1099
610 1105
610 1159
610 1284
610 1286
610 1354
610 1415
610 1748
610 1857
610 1860
610 1875
610 1883
610 2005
611 784
611 916
611 920
611 1037
611 1190
611 1333
611 1339
611 1352
611 1593
611 1595
611 1607
611 1685
611 1857
611 1859
611 1874
611 1976
611 2004
612 722
612 734
612 814
612 985
612 1182
612 1183
612 1222
612 1333
612 1338
612 1351
612 1400
612 1402
612 1444
612 1718
612 1767
612 1918
612 1975
613 755
613 765
613 781
613 1016
613 1018
613 1052
613 1191
613 1193
613 1223
613 1241
613 1516
613 1525
613 1546
613 1781
613 1856
613 1955
613 1988
614 749
614 751
614 894
614 949
614 1218
614 1304
614 1310
614 1337
614 1504
614 1513
614 1546
614 1715
614 1852
614 1993
614 1997
614 2006
614 2021
615 858
615 993
615 995
615 1052
615 1110
615 1111
615 1231
615 1293
615 1299
615 1337
615 1487
615 1550
615 1553
615 1574
615 1735
615 1797
615 1945
616 848
616 917
616 919
616 1044
616 1197
616 1326
616 1331
616 1357
616 1463
616 1464
616 1482
616 1502
616 1513
616 1525
616 1694
616 1953
616 2007
617 872
617 878
617 885
617 946
617 1149
617 1151
617 1223
617 1317
617 1322
617 1357
617 1531
617 1534
617 1574
617 1753
617 1864
617 1917
617 1969
618 864
618 870
618 885
618 915
618 919
618 1027
618 1180
618 1290
618 1299
618 1310
618 1377
618 1378
618 1473
618 1578
618 1758
618 1770
618 1941
619 863
619 870
619 878
619 989
619 995
619 1018
619 1080
619 1439
619 1440
619 1482
619 1701
619 1808
619 1812
619 1821
619 1922
619 1934
619 2021
620 755
620 758
620 774
620 915
620 917
620 1025
620 1178
620 1234
620 1528
620 1534
620 1553
620 1802
620 1806
620 1821
620 1843
620 2006
620 2035
621 742
621 751
621 838
621 989
621 993
621 1016
621 1162
621 1313
621 1322
621 1331
621 1374
621 1378
621 1455
621 1560
621 1699
621 1891
621 2025
622 842
622 939
622 941
622 1074
622 1144
622 1151
622 1193
622 1363
622 1374
622 1377
622 1454
622 1559
622 1723
622 1800
622 1806
622 1812
622 1997
623 742
623 749
623 836
623 938
623 941
623 1071
623 1160
623 1360
623 1435
623 1440
623 1464
623 1528
623 1531
623 1550
623 1733
623 1840
623 1904
624 721
624 736
624 802
624 973
624 1144
624 1149
624 1191
624 1290
624 1293
624 1304
624 1435
624 1439
624 1463
624 1721
624 1764
624 1903
624 2016
625 863
625 864
625 872
625 938
625 939
625 1069
625 1100
625 1111
625 1176
625 1358
625 1432
625 1502
625 1504
625 1516
625 1685
625 1928
625 2015
626 721
626 734
626 800
626 971
626 1100
626 1110
626 1175
626 1313
626 1317
626 1326
626 1431
626 1730
626 1800
626 1802
626 1808
626 1886
626 1993
627 884
627 908
627 925
627 942
627 1095
627 1428
627 1429
627 1478
627 1491
627 1500
627 1546
627 1637
627 1873
627 1929
627 1930
627 1943
627 1971
628 739
628 746
628 794
628 980
628 982
628 1052
628 1118
628 1330
628 1417
628 1418
628 1478
628 1657
628 1818
628 1910
628 1912
628 1926
628 2026
629 727
629 733
629 868
629 1039
629 1106
629 1332
629 1335
629 1342
629 1489
629 1500
629 1525
629 1616
629 1865
629 1867
629 1881
629 1966
629 2026
630 726
630 733
630 859
630 1030
630 1136
630 1138
630 1223
630 1311
630 1375
630 1382
630 1466
630 1571
630 1675
630 1793
630 1794
630 1807
630 1971
631 739
631 743
631 791
631 956
631 957
631 1076
631 1115
631 1315
631 1318
631 1342
631 1485
631 1680
631 1785
631 1786
631 1807
631 1902
631 1943
632 839
632 976
632 982
632 1018
632 1213
632 1215
632 1227
632 1314
632 1318
632 1335
632 1373
632 1382
632 1451
632 1556
632 1623
632 1895
632 2023
633 755
633 757
633 773
633 969
633 1207
633 1209
633 1227
633 1233
633 1783
633 1786
633 1794
633 1835
633 1837
633 1881
633 1926
633 1930
633 2008
634 900
634 901
634 907
634 976
634 980
634 1016
634 1101
634 1259
634 1260
634 1362
634 1587
634 1621
634 1783
634 1785
634 1793
634 1929
634 2043
635 896
635 897
635 907
635 967
635 1131
635 1138
635 1193
635 1314
635 1315
635 1332
635 1410
635 1418
635 1429
635 1645
635 1769
635 1892
635 2037
636 726
636 727
636 853
636 1024
636 1204
636 1209
636 1215
636 1257
636 1260
636 1355
636 1410
636 1417
636 1428
636 1580
636 1655
636 1768
636 1996
637 834
637 950
637 957
637 1049
637 1131
637 1136
637 1191
637 1257
637 1259
637 1354
637 1458
637 1579
637 1643
637 1831
637 1837
637 1867
637 1912
638 893
638 897
638 901
638 950
638 956
638 1048
638 1204
638 1207
638 1213
638 1303
638 1457
638 1489
638 1491
638 1516
638 1607
638 1994
638 2031
639 893
639 896
639 900
639 908
639 913
639 930
639 1083
639 1373
639 1375
639 1444
639 1549
639 1652
639 1831
639 1835
639 1865
639 1910
639 2030
640 730
640 735
640 891
640 1062
640 1177
640 1179
640 1188
640 1268
640 1274
640 1337
640 1405
640 1406
640 1478
640 1582
640 1653
640 1752
640 1884
641 779
641 787
641 879
641 1064
641 1066
641 1070
641 1167
641 1169
641 1188
641 1349
641 1459
641 1488
641 1500
641 1513
641 1604
641 1839
641 2029
642 756
642 767
642 798
642 944
642 1166
642 1169
642 1179
642 1258
642 1727
642 1728
642 1741
642 1830
642 1971
642 2044
642 2045
642 2046
642 2047
643 777
643 787
643 862
643 966
643 970
643 1054
643 1224
643 1265
643 1274
643 1310
643 1442
643 1568
643 1626
643 1719
643 1720
643 1741
643 1943
644 827
644 965
644 970
644 1047
644 1166
644 1167
644 1177
644 1242
644 1246
644 1356
644 1476
644 1561
644 1664
644 1668
644 1677
644 1828
644 2021
645 725
645 735
645 851
645 1022
645 1096
645 1109
645 1124
645 1319
645 1380
645 1658
645 1662
645 1677
645 1717
645 1720
645 1728
645 1930
645 2006
646 740
646 751
646 813
646 1029
646 1031
646 1070
646 1137
646 1240
646 1246
646 1345
646 1465
646 1537
646 1717
646 1719
646 1727
646 1919
646 1929
647 756
647 762
647 793
647 1028
647 1031
647 1066
647 1202
647 1253
647 1398
647 1406
647 1429
647 1656
647 1662
647 1668
647 1703
647 1915
647 1997
648 740
648 749
648 811
648 965
648 966
648 1043
648 1135
648 1316
648 1398
648 1405
648 1428
648 1557
648 1702
648 1961
648 1962
648 1963
648 2047
649 822
649 1028
649 1029
649 1064
649 1096
649 1105
649 1120
649 1265
649 1268
649 1304
649 1376
649 1620
649 1913
649 1959
649 1960
649 1963
649 2046
650 725
650 730
650 846
650 1017
650 1199
650 1240
650 1242
650 1341
650 1461
650 1488
650 1491
650 1504
650 1595
650 1958
650 1960
650 1962
650 2045
651 777
651 779
651 854
651 908
651 912
651 929
651 1082
651 1434
651 1532
651 1656
651 1658
651 1664
651 1958
651 1959
651 1961
651 1993
651 2044
652 812
652 926
652 927
652 943
652 1156
652 1158
652 1188
652 1232
652 1744
652 1746
652 1760
652 1784
652 1978
652 1980
652 1987
652 2026
652 2033
653 782
653 785
653 895
653 1046
653 1050
653 1072
653 1155
653 1158
653 1179
653 1288
653 1475
653 1495
653 1498
653 1574
653 1665
653 1775
653 1985
654 739
654 741
654 789
654 1038
654 1042
654 1072
654 1113
654 1264
654 1274
654 1299
654 1460
654 1615
654 1914
654 1916
654 1923
654 1957
654 2033
655 768
655 771
655 904
655 974
655 982
655 995
655 1155
655 1156
655 1177
655 1364
655 1453
655 1584
655 1585
655 1590
655 1600
655 1773
655 2041
656 724
656 735
656 840
656 1011
656 1090
656 1091
656 1217
656 1353
656 1452
656 1492
656 1498
656 1553
656 1644
656 1714
656 1716
656 1760
656 1926
657 778
657 785
657 869
657 974
657 980
657 993
657 1089
657 1091
657 1212
657 1348
657 1449
657 1526
657 1598
657 1896
657 1898
657 1923
657 1987
658 806
658 1034
658 1042
658 1050
658 1089
658 1090
658 1211
658 1347
658 1397
658 1406
658 1418
658 1569
658 1570
658 1590
658 1692
658 1935
658 2010
659 764
659 771
659 886
659 923
659 1346
659 1397
659 1405
659 1417
659 1492
659 1495
659 1550
659 1641
659 1691
659 1894
659 1898
659 1916
659 1980
660 778
660 782
660 866
660 922
660 1264
660 1268
660 1293
660 1446
660 1567
660 1570
660 1585
660 1609
660 1710
660 1716
660 1746
660 1912
660 2005
661 724
661 730
661 835
661 1006
661 1097
661 1111
661 1140
661 1280
661 1396
661 1567
661 1569
661 1584
661 1894
661 1896
661 1914
661 1978
661 2004
662 764
662 768
662 883
662 1034
662 1038
662 1046
662 1097
662 1110
662 1139
662 1343
662 1395
662 1521
662 1710
662 1714
662 1744
662 1910
662 1931
663 723
663 733
663 826
663 997
663 1154
663 1158
663 1169
663 1271
663 1276
663 1357
663 1468
663 1471
663 1480
663 1562
663 1673
663 1765
663 2020
664 775
664 787
664 841
664 911
664 919
664 981
664 1134
664 1282
664 1285
664 1342
664 1421
664 1554
664 1736
664 1869
664 1871
664 1878
664 2033
665 796
665 797
665 887
665 1078
665 1154
665 1156
665 1167
665 1281
665 1285
665 1335
665 1393
665 1394
665 1482
665 1572
665 1678
665 1729
665 1763
666 795
666 797
666 881
666 911
666 917
666 979
666 1132
666 1298
666 1447
666 1450
666 1480
666 1566
666 1704
666 1706
666 1760
666 1881
666 1956
667 795
667 796
667 880
667 1008
667 1010
667 1070
667 1098
667 1267
667 1276
667 1331
667 1565
667 1647
667 1819
667 1851
667 1853
667 1878
667 1987
668 805
668 1007
668 1010
668 1066
668 1123
668 1126
668 1228
668 1281
668 1282
668 1332
668 1445
668 1450
668 1471
668 1589
668 1726
668 1815
668 1947
669 723
669 727
669 820
669 991
669 1122
669 1126
669 1225
669 1295
669 1389
669 1394
669 1464
669 1586
669 1660
669 1849
669 1853
669 1871
669 1980
670 737
670 753
670 770
670 1007
670 1008
670 1064
670 1094
670 1389
670 1393
670 1463
670 1548
670 1659
670 1700
670 1706
670 1746
670 1813
670 1867
671 737
671 752
671 769
671 1057
671 1093
671 1445
671 1447
671 1468
671 1488
671 1489
671 1502
671 1593
671 1849
671 1851
671 1869
671 1944
671 1978
672 775
672 779
672 833
672 1056
672 1122
672 1123
672 1222
672 1267
672 1271
672 1326
672 1413
672 1583
672 1642
672 1700
672 1704
672 1744
672 1865
673 809
673 815
673 885
673 1019
673 1023
673 1072
673 1079
673 1092
673 1108
673 1244
673 1545
673 1661
673 1689
673 1690
673 1741
673 1807
673 1876
674 808
674 815
674 878
674 936
674 940
674 1061
674 1154
674 1155
674 1166
674 1350
674 1369
674 1382
674 1409
674 1514
674 1654
674 1762
674 2028
675 754
675 935
675 940
675 1055
675 1344
675 1438
675 1441
675 1480
675 1490
675 1498
675 1534
675 1625
675 1687
675 1690
675 1728
675 1794
675 1920
676 776
676 785
676 850
676 910
676 924
676 972
676 1125
676 1266
676 1276
676 1322
676 1430
676 1638
676 1687
676 1689
676 1727
676 1793
676 2003
677 756
677 759
677 790
677 1015
677 1023
677 1050
677 1127
677 1138
677 1151
677 1250
677 1436
677 1441
677 1471
677 1603
677 1854
677 1911
677 1999
678 723
678 726
678 819
678 990
678 1079
678 1087
678 1103
678 1239
678 1490
678 1495
678 1531
678 1622
678 1825
678 1826
678 1827
678 1998
678 2047
679 776
679 782
679 847
679 935
679 936
679 1051
679 1127
679 1136
679 1149
679 1340
679 1427
679 1539
679 1601
679 1823
679 1824
679 1827
679 2046
680 808
680 809
680 872
680 910
680 920
680 968
680 1121
680 1278
680 1436
680 1438
680 1468
680 1648
680 1822
680 1824
680 1826
680 1908
680 2045
681 748
681 1015
681 1019
681 1046
681 1266
681 1271
681 1317
681 1369
681 1375
681 1402
681 1507
681 1633
681 1822
681 1823
681 1825
681 1850
681 2044
682 807
682 815
682 870
682 961
682 970
682 1009
682 1219
682 1221
682 1230
682 1279
682 1285
682 1318
682 1426
682 1523
682 1646
682 1712
682 2036
683 898
683 899
683 902
683 911
683 915
683 977
683 1130
683 1261
683 1262
683 1367
683 1425
683 1592
683 1686
683 1690
683 1720
683 1786
683 2038
684 719
684 1208
684 1210
684 1230
684 1368
684 1378
684 1392
684 1497
684 1686
684 1689
684 1719
684 1785
684 1834
684 1836
684 1878
684 1923
684 2011
685 889
685 890
685 902
685 1014
685 1023
685 1042
685 1164
685 1279
685 1282
685 1315
685 1368
685 1377
685 1391
685 1496
685 1709
685 1846
685 2022
686 888
686 890
686 899
686 961
686 966
686 1005
686 1079
686 1086
686 1102
686 1238
686 1519
686 1605
686 1832
686 1836
686 1871
686 1916
686 2019
687 888
687 889
687 898
687 945
687 957
687 999
687 1205
687 1210
687 1221
687 1264
687 1265
687 1290
687 1408
687 1538
687 1606
687 2002
687 2018
688 807
688 809
688 864
688 945
688 956
688 998
688 1161
688 1256
688 1262
688 1352
688 1407
688 1577
688 1640
688 1832
688 1834
688 1869
688 1914
689 775
689 777
689 831
689 1014
689 1019
689 1038
689 1205
689 1208
689 1219
689 1256
689 1261
689 1351
689 1411
689 1576
689 1602
689 1842
689 2000
690 792
690 797
690 857
690 933
690 940
690 1040
690 1150
690 1152
690 1227
690 1329
690 1424
690 1542
690 1613
690 1617
690 1677
690 1757
690 1821
691 792
691 796
691 856
691 974
691 976
691 989
691 1201
691 1203
691 1230
691 1235
691 1246
691 1300
691 1420
691 1541
691 1594
691 1954
691 1990
692 718
692 720
692 738
692 909
692 1279
692 1281
692 1314
692 1535
692 1536
692 1590
692 1611
692 1617
692 1668
692 1708
692 1812
692 1880
692 1950
693 760
693 771
693 852
693 961
693 965
693 1004
693 1147
693 1152
693 1215
693 1312
693 1386
693 1394
693 1440
693 1518
693 1636
693 1745
693 1949
694 817
694 933
694 936
694 1036
694 1198
694 1203
694 1221
694 1325
694 1386
694 1393
694 1439
694 1533
694 1536
694 1585
694 1635
694 1875
694 1981
695 807
695 808
695 863
695 1033
695 1147
695 1150
695 1213
695 1235
695 1242
695 1296
695 1416
695 1533
695 1535
695 1584
695 1639
695 1743
695 1874
696 760
696 768
696 849
696 1032
696 1198
696 1201
696 1219
696 1309
696 1369
696 1373
696 1400
696 1505
696 1611
696 1613
696 1664
696 1808
696 1979
697 792
697 795
697 855
697 955
697 958
697 1075
697 1084
697 1091
697 1172
697 1308
697 1484
697 1540
697 1681
697 1686
697 1687
697 1717
697 1783
698 876
698 877
698 902
698 960
698 1084
698 1090
698 1171
698 1307
698 1433
698 1441
698 1450
698 1610
698 1617
698 1662
698 1806
698 1890
698 1986
699 875
699 877
699 899
699 953
699 958
699 1068
699 1146
699 1152
699 1209
699 1291
699 1477
699 1490
699 1492
699 1528
699 1619
699 1739
699 1983
700 875
700 876
700 898
700 933
700 935
700 1035
700 1096
700 1099
700 1114
700 1324
700 1370
700 1672
700 1696
700 1706
700 1716
700 1837
700 1982
701 724
701 725
701 830
701 1001
701 1146
701 1150
701 1207
701 1254
701 1262
701 1339
701 1433
701 1438
701 1447
701 1564
701 1671
701 1737
701 1887
702 745
702 953
702 955
702 1065
702 1254
702 1261
702 1338
702 1474
702 1563
702 1610
702 1613
702 1658
702 1696
702 1704
702 1714
702 1802
702 1835
703 828
703 829
703 907
703 1002
703 1010
703 1031
703 1084
703 1089
703 1170
703 1306
703 1368
703 1374
703 1388
703 1493
703 1761
703 1780
703 1939
704 740
704 742
704 804
704 952
704 958
704 1063
704 1128
704 1249
704 1260
704 1287
704 1472
704 1512
704 1829
704 1836
704 1853
704 1898
704 1938
705 776
705 778
705 843
705 1002
705 1008
705 1029
705 1196
705 1203
705 1210
705 1249
705 1259
705 1286
705 1423
705 1511
705 1667
705 1778
705 1970
706 825
706 829
706 901
706 910
706 916
706 964
706 1117
706 1235
706 1240
706 1294
706 1414
706 1666
706 1755
706 1829
706 1834
706 1851
706 1896
707 825
707 828
707 900
707 952
707 955
707 1060
707 1196
707 1201
707 1208
707 1266
707 1267
707 1313
707 1469
707 1515
707 1629
707 1754
707 1968
708 873
708 877
708 890
708 928
708 941
708 986
708 1116
708 1126
708 1186
708 1275
708 1397
708 1398
708 1410
708 1547
708 1684
708 1937
708 1974
709 873
709 876
709 889
709 1002
709 1007
709 1028
709 1127
709 1131
709 1144
709 1247
709 1530
709 1536
709 1570
709 1596
709 1777
709 1860
709 1973
710 824
710 829
710 897
710 928
710 939
710 984
710 1157
710 1273
710 1433
710 1436
710 1445
710 1530
710 1535
710 1569
710 1751
710 1859
710 1885
711 824
711 828
711 896
711 1014
711 1015
711 1034
711 1116
711 1123
711 1183
711 1245
711 1544
711 1610
711 1611
711 1656
711 1750
711 1800
711 1838
712 873
712 875
712 888
712 914
712 1249
712 1257
712 1284
712 1386
712 1389
712 1435
712 1509
712 1631
712 1790
712 1791
712 1827
712 1963
712 1972
713 772
713 928
713 938
713 983
713 1146
713 1147
713 1204
713 1272
713 1734
713 1789
713 1791
713 1826
713 1829
713 1832
713 1849
713 1894
713 1962
714 760
714 764
714 845
714 952
714 953
714 1058
714 1116
714 1122
714 1182
714 1305
714 1467
714 1543
714 1597
714 1789
714 1790
714 1825
714 1961
715 737
715 744
715 761
715 945
715 950
715 992
715 1085
715 1401
715 1530
715 1533
715 1567
715 1663
715 1788
715 1791
715 1824
715 1857
715 1960
716 721
716 722
716 788
716 959
716 1196
716 1198
716 1205
716 1243
716 1696
716 1700
716 1710
716 1788
716 1790
716 1823
716 1831
716 1959
716 1965
717 824
717 825
717 893
717 1026
717 1097
717 1100
717 1129
717 1254
717 1256
717 1333
717 1385
717 1558
717 1747
717 1788
717 1789
717 1822
717 1958
718 1256
718 1259
718 1349
718 1462
718 1574
718 1604
718 1783
718 1789
718 1797
718 1832
718 1837
718 1872
718 1917
718 1933
719 1120
719 1123
719 1213
719 1450
719 1451
719 1487
719 1574
719 1607
719 1610
719 1631
719 1702
719 1704
719 1753
719 1775
719 1874
719 1963
720 1206
720 1330
720 1331
720 1367
720 1502
720 1509
720 1521
720 1620
720 1625
720 1652
720 1690
720 1851
720 1910
720 1963
721 1089
721 1092
721 1213
721 1349
721 1397
721 1404
721 1416
721 1682
721 1690
721 1839
721 1895
721 1898
721 1920
721 1984
722 1152
722 1291
722 1294
722 1315
722 1424
722 1429
722 1456
722 1591
722 1775
722 1851
722 1943
722 1944
722 1949
722 2013
723 1139
723 1308
723 1310
723 1359
723 1370
723 1377
723 1416
723 1521
723 1874
723 1888
723 1964
723 1970
723 1976
723 1997
724 1187
724 1193
724 1201
724 1266
724 1269
724 1315
724 1369
724 1377
724 1404
724 1509
724 1631
724 1866
724 1933
724 2040
725 1181
725 1186
725 1221
725 1285
725 1287
725 1359
725 1388
725 1393
725 1456
725 1549
725 1652
725 1753
725 1811
725 1917
726 1171
726 1176
726 1221
726 1264
726 1269
726 1294
726 1470
726 1560
726 1563
726 1585
726 1610
726 1722
726 1872
726 1984
727 1157
727 1163
727 1201
727 1246
727 1247
727 1367
727 1487
727 1530
727 1663
727 1664
727 1669
727 1713
727 1797
727 2013
728 1156
728 1163
728 1193
728 1385
728 1393
728 1429
728 1543
728 1546
728 1585
728 1625
728 1734
728 1740
728 1746
728 1789
728 1920
728 1997
729 1107
729 1264
729 1266
729 1291
729 1528
729 1607
729 1727
729 1733
729 1746
729 1976
729 2032
729 2033
729 2035
729 2044
730 1080
730 1092
730 1123
730 1259
730 1440
730 1642
730 1643
730 1669
730 1726
730 1733
730 1740
730 1771
730 1949
730 1970
731 1166
731 1176
731 1186
731 1369
731 1370
731 1397
731 1502
731 1641
731 1643
731 1664
731 1837
731 1944
731 2007
731 2008
731 2010
731 2044
732 1104
732 1278
732 1287
732 1310
732 1539
732 1546
732 1563
732 1641
732 1642
732 1663
732 1704
732 1824
732 1898
732 1943
733 1080
733 1089
733 1120
733 1256
733 1385
733 1388
733 1424
733 1620
733 1707
733 1821
733 2000
733 2001
733 2010
733 2035
734 1156
734 1157
734 1187
734 1278
734 1285
734 1308
734 1436
734 1501
734 1702
734 1783
734 1999
734 2001
734 2008
734 2033
735 1127
735 1238
735 1247
735 1331
735 1451
735 1539
735 1543
735 1560
735 1766
735 1895
735 1999
735 2000
735 2007
735 2032
736 1166
736 1171
736 1181
736 1238
736 1246
736 1330
736 1450
736 1499
736 1726
736 1727
736 1734
736 1818
736 1832
736 1964
737 967
737 970
737 1060
737 1410
737 1574
737 1651
737 1655
737 1677
737 1718
737 1720
737 1735
737 1925
737 1937
737 1985
738 1053
738 1290
738 1491
738 1492
738 1538
738 1629
738 1756
738 1758
738 1760
738 1971
738 1975
738 1980
738 2016
738 2045
739 936
739 939
739 1060
739 1349
739 1386
739 1387
739 1433
739 1629
739 1698
739 1805
739 1806
739 1827
739 2012
739 2029
740 999
740 1335
740 1339
740 1361
740 1372
740 1373
740 1433
740 1538
740 1814
740 1855
740 1859
740 1865
740 1985
740 1995
741 986
741 1324
741 1326
741 1341
741 1482
741 1484
741 1486
741 1529
741 1776
741 1778
741 1808
741 1908
741 1937
741 2045
742 1034
742 1040
742 1048
742 1236
742 1570
742 1571
742 1592
742 1670
742 1710
742 1712
742 1742
742 1908
742 1933
742 2012
743 1028
743 1033
743 1068
743 1235
743 1506
743 1656
743 1660
743 1666
743 1917
743 1954
743 1956
743 1959
743 1995
743 2039
744 1018
744 1023
744 1068
744 1365
744 1368
744 1373
744 1387
744 1492
744 1689
744 1691
744 1742
744 1808
744 1872
744 1967
745 1004
745 1010
745 1048
745 1282
745 1284
745 1341
745 1368
745 1372
745 1386
745 1491
745 1735
745 1797
745 1873
745 1875
745 1878
745 2039
746 1003
746 1010
746 1040
746 1272
746 1276
746 1361
746 1467
746 1471
746 1476
746 1503
746 1677
746 1789
746 1903
746 2016
747 954
747 1280
747 1284
747 1326
747 1525
747 1526
747 1592
747 1622
747 1626
747 1666
747 1720
747 1827
747 1865
747 1896
748 927
748 939
748 970
748 1259
748 1454
748 1458
748 1476
748 1621
748 1626
748 1660
748 1685
748 1691
748 1712
748 1778
748 1859
748 1980
749 1013
749 1023
749 1033
749 1280
749 1282
749 1324
749 1453
749 1458
749 1471
749 1584
749 1614
749 1718
749 1837
749 1975
750 951
750 1268
750 1276
750 1339
750 1580
750 1655
750 1685
750 1689
750 1710
750 1776
750 1843
750 1845
750 1878
750 1959
751 927
751 936
751 967
751 1256
751 1407
751 1409
751 1486
751 1612
751 1760
751 1842
751 1845
751 1875
751 1892
751 1956
752 1003
752 1004
752 1034
752 1321
752 1406
752 1409
752 1484
752 1578
752 1621
752 1622
752 1656
752 1758
752 1783
752 1855
753 974
753 1320
753 1453
753 1454
753 1467
753 1519
753 1526
753 1571
753 1806
753 1842
753 1843
753 1873
753 1954
753 1971
754 1013
754 1018
754 1028
754 1268
754 1272
754 1335
754 1406
754 1407
754 1482
754 1519
754 1525
754 1570
754 1651
754 1756
754 1805
754 1832
755 1041
755 1042
755 1078
755 1154
755 1557
755 1562
755 1569
755 1599
755 1913
755 1914
755 1918
755 1963
755 1968
755 2028
756 919
756 922
756 1060
756 1213
756 1452
756 1457
756 1464
756 1623
756 1627
756 1672
756 1716
756 1787
756 1871
756 1968
757 1002
757 1005
757 1026
757 1199
757 1203
757 1225
757 1403
757 1532
757 1536
757 1581
757 1775
757 1871
757 1958
757 1985
758 1019
758 1021
758 1070
758 1188
758 1190
758 1205
758 1390
758 1547
758 1796
758 1798
758 1823
758 1874
758 1937
758 1987
759 977
759 980
759 1026
759 1100
759 1552
759 1631
759 1730
759 1732
759 1757
759 1987
759 2015
759 2017
759 2026
759 2036
760 996
760 998
760 1070
760 1099
760 1496
760 1500
760 1581
760 1672
760 1753
760 1883
760 1885
760 1893
760 1929
760 2009
761 975
761 980
761 1005
761 1229
761 1473
761 1474
761 1478
761 1514
761 1610
761 1838
761 1840
761 1848
761 1929
761 2028
762 957
762 958
762 1078
762 1146
762 1148
762 1205
762 1487
762 1522
762 1678
762 1735
762 1829
762 1831
762 1848
762 1893
763 1136
763 1140
763 1225
763 1375
763 1380
763 1464
763 1569
763 1677
763 1692
763 1694
763 1757
763 1823
763 1828
763 1831
763 1840
763 1885
764 975
764 977
764 1002
764 1144
764 1148
764 1190
764 1374
764 1380
764 1457
764 1562
764 1607
764 1720
764 1879
764 2020
765 910
765 922
765 970
765 1123
765 1383
765 1815
765 1817
765 1826
765 1828
765 1829
765 1838
765 1883
765 2005
765 2036
766 1144
766 1146
766 1188
766 1438
766 1439
766 1478
766 1490
766 1500
766 1536
766 1627
766 1718
766 1810
766 1812
766 1826
766 1918
766 2026
767 989
767 998
767 1021
767 1132
767 1140
767 1203
767 1437
767 1439
767 1474
767 1517
767 1655
767 1704
767 1914
767 1996
768 910
768 919
768 967
768 1120
768 1437
768 1438
768 1473
768 1645
768 1687
768 1694
768 1732
768 1798
768 1861
768 1913
769 989
769 996
769 1019
769 1185
769 1374
769 1375
769 1452
769 1557
769 1644
769 1702
769 1807
769 1812
769 1817
769 2017
770 949
770 958
770 1042
770 1184
770 1451
770 1490
770 1496
770 1532
770 1623
770 1687
770 1692
770 1730
770 1796
770 1993
771 949
771 957
771 1041
771 1132
771 1136
771 1199
771 1450
771 1504
771 1651
771 1807
771 1810
771 1815
771 1858
771 2015
772 988
772 995
772 1007
772 1130
772 1131
772 1177
772 1332
772 1337
772 1344
772 1629
772 1690
772 1863
772 1867
772 1876
772 1968
772 2021
773 1015
773 1020
773 1047
773 1116
773 1117
773 1177
773 1283
773 1538
773 1819
773 1820
773 1825
773 1851
773 2002
773 2041
774 961
774 968
774 1007
774 1226
774 1228
774 1230
774 1270
774 1521
774 1830
774 1836
774 1860
774 1905
774 1931
774 2045
775 960
775 968
775 995
775 1084
775 1509
775 1675
775 1676
775 1681
775 1899
775 1936
775 1939
775 1945
775 1994
775 2041
776 979
776 984
776 1047
776 1083
776 1573
776 1577
776 1586
776 1652
776 1709
776 1715
776 1739
776 1905
776 1951
776 2021
777 1061
777 1112
777 1117
777 1131
777 1353
777 1354
777 1358
777 1492
777 1699
777 1705
777 1739
777 1799
777 1860
777 2028
778 941
778 942
778 1078
778 1112
778 1116
778 1130
778 1367
778 1491
778 1729
778 1800
778 1803
778 1809
778 1870
778 1994
779 976
779 984
779 1020
779 1211
779 1215
779 1220
779 1255
779 1260
779 1344
779 1569
779 1625
779 1721
779 1782
779 2016
780 921
780 1254
780 1260
780 1337
780 1562
780 1673
780 1696
780 1705
780 1715
780 1785
780 1788
780 1809
780 1836
780 1945
781 1031
781 1198
781 1202
781 1220
781 1263
781 1533
781 1537
781 1586
781 1784
781 1788
781 1803
781 1876
781 1939
781 1980
782 960
782 961
782 988
782 1197
782 1202
782 1215
782 1318
782 1319
782 1358
782 1502
782 1662
782 1844
782 1918
782 1975
783 918
783 1317
783 1319
783 1354
783 1531
783 1537
783 1577
783 1615
783 1616
783 1681
783 1717
783 1825
783 1867
783 1914
784 976
784 979
784 1015
784 1151
784 1153
784 1230
784 1317
784 1318
784 1353
784 1620
784 1760
784 1784
784 1785
784 1800
784 1913
784 1936
785 1027
785 1150
785 1153
785 1228
785 1254
785 1255
785 1332
785 1557
785 1613
785 1616
785 1676
785 1758
785 1820
785 1841
786 933
786 942
786 1042
786 1197
786 1198
786 1211
786 1331
786 1613
786 1615
786 1675
786 1696
786 1699
786 1709
786 1819
786 1830
786 1971
787 933
787 941
787 1041
787 1150
787 1151
787 1226
787 1330
787 1531
787 1533
787 1573
787 1657
787 1756
787 1774
787 1863
788 1077
788 1101
788 1102
788 1177
788 1307
788 1311
788 1356
788 1433
788 1736
788 1737
788 1752
788 1793
788 1871
788 2003
789 946
789 953
789 1007
789 1168
789 1322
789 1416
789 1658
789 1659
789 1674
789 1946
789 1947
789 1961
789 2003
789 2025
790 945
790 953
790 995
790 1209
790 1210
790 1231
790 1327
790 1404
790 1649
790 1834
790 1835
790 1877
790 1922
790 2012
791 1035
791 1145
791 1271
791 1275
791 1356
791 1468
791 1472
791 1481
791 1672
791 1779
791 1780
791 1822
791 1922
791 2021
792 1046
792 1049
792 1071
792 1097
792 1102
792 1131
792 1289
792 1387
792 1769
792 1770
792 1822
792 1877
792 1984
792 1992
793 1016
793 1097
793 1101
793 1130
793 1297
793 1386
793 1744
793 1745
793 1759
793 1978
793 1981
793 1988
793 2025
793 2034
794 1029
794 1032
794 1071
794 1142
794 1240
794 1245
794 1344
794 1464
794 1611
794 1920
794 1950
794 1953
794 1960
794 2034
795 1014
795 1164
795 1165
795 1231
795 1239
795 1245
795 1337
795 1457
795 1601
795 1602
795 1674
795 1752
795 1827
795 1907
796 908
796 922
796 939
796 1092
796 1428
796 1432
796 1481
796 1609
796 1723
796 1724
796 1759
796 1876
796 1901
796 1961
797 945
797 946
797 988
797 1223
797 1265
797 1275
797 1311
797 1397
797 1627
797 1900
797 1932
797 1935
797 1960
797 1988
798 1025
798 1032
798 1049
798 1219
798 1292
798 1426
798 1432
798 1472
798 1598
798 1602
798 1659
798 1737
798 1867
798 1898
799 908
799 919
799 936
799 1089
799 1598
799 1601
799 1658
799 1736
799 1762
799 1770
799 1780
799 1835
799 1930
799 1935
799 1953
799 1981
800 987
800 1217
800 1239
800 1240
800 1332
800 1452
800 1719
800 1724
800 1745
800 1762
800 1769
800 1779
800 1834
800 1947
801 1025
801 1029
801 1046
801 1158
801 1165
801 1210
801 1265
801 1271
801 1307
801 1623
801 1719
801 1723
801 1744
801 1806
801 1895
801 1946
802 985
802 1158
802 1164
802 1209
802 1279
802 1426
802 1428
802 1468
802 1805
802 1863
802 1930
802 1932
802 1950
802 1978
803 924
803 1241
803 1567
803 1568
803 1583
803 1763
803 1772
803 1791
803 1846
803 1894
803 1897
803 1915
803 1979
803 2003
804 932
804 935
804 1026
804 1218
804 1315
804 1479
804 1480
804 1485
804 1558
804 1697
804 1706
804 1725
804 1846
804 2041
805 950
805 955
805 1047
805 1204
805 1208
805 1214
805 1257
805 1261
805 1356
805 1456
805 1581
805 1686
805 1695
805 1725
805 1791
805 1995
806 930
806 935
806 1005
806 1096
806 1102
806 1117
806 1294
806 1373
806 1728
806 1731
806 1749
806 1979
806 2023
806 2024
806 2027
806 2046
807 1058
807 1059
807 1064
807 1096
807 1101
807 1116
807 1362
807 1372
807 1684
807 1695
807 1706
807 1772
807 1969
807 2013
808 947
808 955
808 1020
808 1091
808 1095
808 1225
808 1361
808 1429
808 1520
808 1711
808 1714
808 1749
808 1915
808 1941
809 930
809 932
809 1002
809 1170
809 1174
809 1214
809 1291
809 1477
809 1510
809 1511
809 1583
809 1752
809 1865
809 1934
810 1037
810 1038
810 1064
810 1169
810 1174
810 1208
810 1234
810 1518
810 1859
810 1923
810 1924
810 1927
810 1949
810 2046
811 1036
811 1038
811 1059
811 1162
811 1251
811 1261
811 1311
811 1466
811 1536
811 1708
811 1714
811 1731
811 1897
811 1944
812 1036
812 1037
812 1058
812 1087
812 1095
812 1203
812 1339
812 1419
812 1420
812 1485
812 1507
812 1511
812 1568
812 1737
812 1825
812 1943
813 947
813 950
813 1015
813 1160
813 1329
813 1424
813 1507
813 1510
813 1567
813 1736
813 1911
813 1912
813 1927
813 2027
814 973
814 1169
814 1170
814 1204
814 1328
814 1417
814 1420
814 1480
814 1708
814 1711
814 1728
814 1820
814 1855
814 1894
815 912
815 1251
815 1257
815 1307
815 1417
815 1419
815 1479
815 1532
815 1819
815 1909
815 1912
815 1924
815 1928
815 2024
816 971
816 1087
816 1091
816 1199
816 1335
816 1461
816 1684
816 1686
816 1697
816 1763
816 1909
816 1911
816 1923
816 2023
817 943
817 953
817 968
817 1180
817 1182
817 1212
817 1336
817 1338
817 1363
817 1377
817 1619
817 1628
817 1647
817 1846
817 1908
817 1987
818 938
818 940
818 1070
818 1118
818 1359
818 1435
818 1441
818 1465
818 1608
818 1617
818 1647
818 1791
818 1905
818 2014
819 1039
819 1159
819 1161
819 1212
819 1262
819 1425
819 1431
819 1465
819 1650
819 1653
819 1671
819 1808
819 1860
819 1979
820 1030
820 1088
820 1090
820 1205
820 1341
820 1455
820 1575
820 1576
820 1590
820 1606
820 1617
820 1628
820 1772
820 2025
821 1051
821 1057
821 1063
821 1115
821 1298
821 1300
821 1363
821 1447
821 1633
821 1636
821 1671
821 1823
821 1915
821 1997
822 1044
822 1050
822 1063
822 1086
822 1090
822 1190
822 1326
822 1422
822 1431
822 1441
822 1497
822 1498
822 1583
822 1674
822 1836
822 1976
823 1043
823 1050
823 1057
823 1155
823 1161
823 1182
823 1233
823 1554
823 1555
823 1590
823 1778
823 1869
823 1961
823 1970
824 943
824 946
824 961
824 1086
824 1088
824 1188
824 1324
824 1370
824 1630
824 1636
824 1653
824 1864
824 1897
824 2043
825 931
825 940
825 1021
825 1155
825 1159
825 1180
825 1310
825 1443
825 1494
825 1498
825 1568
825 1659
825 1776
825 2037
826 1024
826 1109
826 1111
826 1230
826 1293
826 1300
826 1338
826 1486
826 1494
826 1497
826 1567
826 1658
826 1798
826 1862
827 931
827 938
827 1019
827 1108
827 1111
827 1228
827 1308
827 1484
827 1550
827 1555
827 1576
827 1630
827 1633
827 1650
827 1894
827 1947
828 911
828 1293
828 1298
828 1336
828 1422
828 1425
828 1435
828 1550
828 1554
828 1575
828 1796
828 1830
828 1946
828 2031
829 1043
829 1044
829 1051
829 1108
829 1109
829 1226
829 1252
829 1482
829 1606
829 1608
829 1619
829 1763
829 1964
829 2030
830 1062
830 1079
830 1544
830 1545
830 1587
830 1596
830 1605
830 1647
830 1725
830 1922
830 1965
830 1966
830 1977
830 1998
831 928
831 935
831 980
831 1147
831 1149
831 1212
831 1269
831 1459
831 1534
831 1535
831 1587
831 1742
831 1877
831 1952
832 917
832 923
832 1048
832 1201
832 1258
832 1460
832 1463
832 1469
832 1594
832 1605
832 1628
832 1706
832 1916
832 1994
833 916
833 923
833 1040
833 1193
833 1286
833 1288
833 1363
833 1442
833 1495
833 1757
833 1856
833 1857
833 1868
833 1998
834 928
834 932
834 977
834 1125
834 1126
834 1231
834 1266
834 1445
834 1448
834 1469
834 1592
834 1849
834 1850
834 1868
834 1945
834 1977
835 1022
835 1143
835 1149
835 1182
835 1355
835 1357
835 1366
835 1444
835 1448
835 1463
835 1493
835 1712
835 1939
835 2036
836 943
836 945
836 960
836 1137
836 1350
836 1352
836 1366
836 1369
836 1847
836 1850
836 1857
836 1890
836 1966
836 2026
837 1075
837 1143
837 1147
837 1180
837 1253
837 1394
837 1395
837 1485
837 1681
837 1710
837 1847
837 1849
837 1856
837 1965
838 1072
838 1135
838 1281
838 1288
838 1338
838 1444
838 1445
838 1460
838 1527
838 1535
838 1545
838 1732
838 1835
838 1936
839 916
839 917
839 1034
839 1187
839 1347
839 1352
839 1357
839 1392
839 1395
839 1480
839 1527
839 1534
839 1544
839 1676
839 1834
839 2017
840 1017
840 1119
840 1126
840 1210
840 1281
840 1286
840 1336
840 1392
840 1394
840 1479
840 1571
840 1675
840 1730
840 1886
841 1069
841 1119
841 1125
841 1209
841 1347
841 1350
841 1355
841 1434
841 1570
841 1594
841 1596
841 1619
841 1697
841 2015
842 920
842 925
842 1068
842 1221
842 1323
842 1325
842 1333
842 1402
842 1408
842 1465
842 1523
842 1524
842 1587
842 1739
842 1822
842 1929
843 966
843 1222
843 1224
843 1227
843 1314
843 1316
843 1333
843 1475
843 1593
843 1605
843 1617
843 1695
843 1893
843 2039
844 944
844 955
844 984
844 1113
844 1313
844 1316
844 1325
844 1393
844 1801
844 1802
844 1813
844 1885
844 1998
844 2047
845 964
845 1134
845 1138
845 1214
845 1364
845 1399
845 1408
845 1441
845 1666
845 1715
845 1794
845 1795
845 1813
845 1977
846 1011
846 1133
846 1138
846 1208
846 1313
846 1314
846 1323
846 1378
846 1382
846 1481
846 1586
846 1660
846 1748
846 1883
847 915
847 925
847 1033
847 1186
847 1248
847 1261
847 1275
847 1449
847 1500
847 1743
847 1792
847 1795
847 1802
847 1966
848 929
848 940
848 998
848 1192
848 1194
848 1227
848 1287
848 1376
848 1382
848 1472
848 1577
848 1792
848 1794
848 1801
848 1959
848 1965
849 944
849 950
849 979
849 1191
849 1194
849 1224
849 1346
849 1388
849 1516
849 1524
849 1545
849 1741
849 1780
849 1956
850 929
850 938
850 996
850 1133
850 1134
850 1204
850 1285
850 1446
850 1516
850 1523
850 1544
850 1656
850 1779
850 1991
851 1006
851 1191
851 1192
851 1222
851 1248
851 1257
851 1271
851 1399
851 1402
851 1435
851 1496
851 1709
851 1954
851 1990
852 915
852 920
852 1028
852 1181
852 1343
852 1376
852 1378
852 1468
852 1573
852 1593
852 1596
852 1608
852 1686
852 1989
853 997
853 1096
853 1097
853 1112
853 1304
853 1306
853 1333
853 1368
853 1816
853 1848
853 2004
853 2006
853 2011
853 2042
854 969
854 972
854 1071
854 1207
854 1303
854 1306
854 1325
854 1421
854 1585
854 1600
854 1603
854 1671
854 1749
854 1840
855 928
855 930
855 975
855 1200
855 1264
855 1398
855 1408
855 1431
855 1572
855 1705
855 1955
855 1957
855 1962
855 2042
856 956
856 1141
856 1149
856 1161
856 1303
856 1304
856 1323
856 1566
856 1679
856 1680
856 1683
856 1691
856 1838
856 2046
857 914
857 925
857 1023
857 1176
857 1243
857 1244
857 1358
857 1478
857 1565
857 1597
857 1603
857 1653
857 1731
857 1790
858 965
858 972
858 1049
858 1141
858 1147
858 1159
858 1242
858 1244
858 1354
858 1474
858 1563
858 1689
858 1940
858 1942
858 1962
858 2011
859 991
859 1196
859 1242
859 1243
859 1353
859 1473
859 1515
859 1524
859 1535
859 1667
859 1668
859 1683
859 1770
859 2027
860 952
860 1094
860 1515
860 1523
860 1534
860 1597
860 1600
860 1650
860 1728
860 1769
860 1938
860 1942
860 1957
860 2006
861 965
861 969
861 1046
861 1093
861 1398
861 1402
861 1425
861 1560
861 1665
861 1668
861 1680
861 1699
861 1786
861 2024
862 914
862 920
862 1018
862 1171
862 1249
862 1413
862 1665
862 1667
862 1679
862 1938
862 1940
862 1955
862 2004
862 2023
863 913
863 923
863 1010
863 1163
863 1302
863 1306
863 1316
863 1405
863 1579
863 1582
863 1589
863 1661
863 1831
863 2034
864 962
864 1082
864 1090
864 1148
864 1284
864 1415
864 1418
864 1469
864 1654
864 1809
864 1919
864 1921
864 1926
864 2042
865 982
865 983
865 1064
865 1302
865 1304
865 1314
865 1414
865 1418
865 1463
865 1512
865 1513
865 1590
865 1669
865 1759
865 1803
865 1829
866 981
866 983
866 1059
866 1082
866 1088
866 1146
866 1282
866 1430
866 1561
866 1564
866 1589
866 1664
866 1781
866 1988
867 981
867 982
867 1058
867 1173
867 1175
867 1227
867 1250
867 1401
867 1663
867 1878
867 1904
867 1906
867 1926
867 2011
868 990
868 1172
868 1175
868 1224
868 1274
868 1414
868 1415
868 1460
868 1559
868 1564
868 1582
868 1800
868 1875
868 1981
869 913
869 917
869 1004
869 1157
869 1273
869 1427
869 1508
869 1513
869 1576
869 1745
869 1902
869 1906
869 1921
869 2006
870 926
870 942
870 958
870 1172
870 1173
870 1222
870 1247
870 1508
870 1512
870 1575
870 1648
870 1744
870 1777
870 1873
871 926
871 941
871 957
871 1246
871 1559
871 1561
871 1579
871 1593
871 1594
871 1606
871 1684
871 1902
871 1904
871 1919
871 1978
871 2004
872 994
872 1000
872 1063
872 1183
872 1232
872 1245
872 1260
872 1380
872 1646
872 1746
872 1767
872 1768
872 1813
872 1868
873 993
873 1000
873 1057
873 1106
873 1110
873 1220
873 1302
873 1303
873 1313
873 1476
873 1489
873 1740
873 1828
873 2038
874 1105
874 1110
874 1215
874 1471
874 1553
874 1556
874 1589
874 1595
874 1603
874 1636
874 1714
874 1765
874 1768
874 1802
874 1857
874 1960
875 963
875 972
875 1032
875 1081
875 1095
875 1140
875 1276
875 1400
875 1546
875 1765
875 1767
875 1801
875 1856
875 2022
876 944
876 947
876 976
876 1179
876 1277
876 1288
876 1300
876 1385
876 1551
876 1556
876 1582
876 1694
876 1953
876 2019
877 913
877 916
877 1003
877 1156
877 1232
877 1240
877 1255
877 1375
877 1595
877 1600
877 1633
877 1711
877 1882
877 2018
878 963
878 969
878 1029
878 1105
878 1106
878 1211
878 1277
878 1286
878 1298
878 1467
878 1543
878 1640
878 1692
878 1881
879 993
879 994
879 1051
879 1081
879 1091
879 1136
879 1272
879 1411
879 1551
879 1553
879 1579
879 1734
879 1880
879 1950
880 992
880 1000
880 1050
880 1129
880 1138
880 1174
880 1360
880 1412
880 1418
880 1448
880 1542
880 1626
880 1733
880 1788
881 1073
881 1074
881 1076
881 1082
881 1086
881 1144
881 1280
881 1396
881 1541
881 1764
881 1768
881 1795
881 1850
881 2044
882 909
882 1351
882 1488
882 1498
882 1511
882 1602
882 1764
882 1767
882 1794
882 1849
882 1889
882 1891
882 1926
882 1962
883 1066
883 1067
883 1076
883 1178
883 1312
883 1412
883 1415
883 1445
883 1488
883 1497
883 1510
883 1601
883 1785
883 2035
884 1065
884 1067
884 1074
884 1129
884 1134
884 1170
884 1232
884 1239
884 1254
884 1374
884 1622
884 1887
884 1891
884 1921
884 1957
884 2033
885 1065
885 1066
885 1073
885 1114
885 1126
885 1165
885 1348
885 1398
885 1399
885 1422
885 1526
885 1639
885 1696
885 2032
886 992
886 994
886 1044
886 1114
886 1125
886 1164
886 1309
886 1391
886 1525
886 1727
886 1887
886 1889
886 1919
886 1955
887 978
887 983
887 1038
887 1103
887 1110
887 1202
887 1299
887 1301
887 1366
887 1458
887 1540
887 1643
887 1703
887 1826
888 978
888 982
888 1037
888 1141
888 1143
888 1155
888 1345
888 1371
888 1382
888 1432
888 1537
888 1642
888 1685
888 1986
889 908
889 910
889 927
889 1080
889 1412
889 1414
889 1444
889 1637
889 1638
889 1683
889 1701
889 1784
889 1927
889 1983
890 948
890 1129
890 1133
890 1169
890 1296
890 1301
890 1357
890 1505
890 1513
890 1555
890 1621
890 1724
890 1817
890 1982
891 1001
891 1103
891 1106
891 1198
891 1342
891 1454
891 1505
891 1512
891 1554
891 1635
891 1638
891 1680
891 1723
891 1924
892 992
892 993
892 1043
892 1296
892 1299
892 1355
892 1371
892 1378
892 1428
892 1533
892 1635
892 1637
892 1679
892 1726
892 1815
892 1923
893 978
893 981
893 1036
893 1124
893 1237
893 1244
893 1319
893 1439
893 1641
893 1761
893 1764
893 1765
893 1792
893 1847
894 1055
894 1056
894 1076
894 1128
894 1237
894 1243
894 1318
894 1438
894 1548
894 1556
894 1564
894 1700
894 1935
894 2010
895 1054
895 1056
895 1074
895 1122
895 1295
895 1301
895 1352
895 1423
895 1595
895 1597
895 1630
895 1708
895 1812
895 2008
896 1054
896 1055
896 1073
896 1103
896 1105
896 1197
896 1248
896 1251
896 1265
896 1453
896 1490
896 1755
896 1773
896 2007
897 914
897 915
897 1013
897 1166
897 1295
897 1299
897 1350
897 1389
897 1548
897 1553
897 1561
897 1754
897 1810
897 1932
898 1012
898 1167
898 1175
898 1194
898 1237
898 1242
898 1317
898 1437
898 1488
898 1494
898 1507
898 1598
898 1845
898 1974
899 929
899 931
899 989
899 1121
899 1278
899 1384
899 1395
899 1420
899 1616
899 1884
899 1891
899 1906
899 1942
899 1973
900 963
900 965
900 1025
900 1167
900 1173
900 1192
900 1340
900 1384
900 1394
900 1419
900 1539
900 1615
900 1751
900 1843
901 1009
901 1081
901 1087
901 1132
901 1268
901 1371
901 1376
901 1426
901 1531
901 1750
901 1884
901 1889
901 1904
901 1940
902 1052
902 1056
902 1067
902 1098
902 1111
902 1153
902 1267
902 1409
902 1515
902 1516
902 1527
902 1762
902 1972
902 2001
903 1052
903 1055
903 1066
903 1167
903 1172
903 1191
903 1277
903 1281
903 1293
903 1632
903 1638
903 1668
903 1687
903 1842
903 1912
903 2000
904 1008
904 1098
904 1109
904 1151
904 1305
904 1407
904 1548
904 1551
904 1559
904 1632
904 1637
904 1667
904 1911
904 1930
905 1052
905 1054
905 1065
905 1085
905 1384
905 1392
905 1417
905 1505
905 1508
905 1550
905 1613
905 1719
905 1854
905 1999
906 959
906 1098
906 1108
906 1150
906 1295
906 1296
906 1347
906 1406
906 1807
906 1853
906 1884
906 1887
906 1902
906 1938
907 926
907 933
907 949
907 1114
907 1119
907 1158
907 1238
907 1519
907 1632
907 1635
907 1665
907 1747
907 1852
907 1909
908 1391
908 1394
908 1475
908 1574
908 1671
908 1695
908 1847
908 1853
908 1860
908 1887
908 1969
909 1271
909 1274
909 1355
909 1564
909 1671
909 1697
909 1700
909 1719
909 1779
909 1781
909 1823
909 1840
909 1923
910 1349
910 1459
910 1606
910 1613
910 1624
910 1709
910 1714
910 1738
910 1768
910 1904
910 1952
911 1242
911 1245
911 1355
911 1475
911 1515
911 1522
911 1533
911 1768
911 1893
911 1939
911 1942
911 1960
911 2009
912 1301
912 1423
912 1426
912 1445
912 1540
912 1545
912 1569
912 1840
912 1904
912 1977
912 1978
912 1982
912 2028
913 1289
913 1439
913 1441
913 1483
913 1490
913 1497
913 1533
913 1624
913 1923
913 1933
913 1992
914 1332
914 1338
914 1345
914 1400
914 1403
914 1445
914 1489
914 1497
914 1522
914 1613
914 1719
914 1917
914 1969
915 1327
915 1418
915 1420
915 1483
915 1507
915 1512
915 1569
915 1649
915 1738
915 1823
915 1872
916 1318
916 1398
916 1403
916 1426
916 1581
916 1659
916 1662
916 1680
916 1700
916 1797
916 2009
917 1305
917 1311
917 1345
917 1382
917 1632
917 1747
917 1748
917 1752
917 1789
917 1860
917 2028
918 1304
918 1311
918 1338
918 1504
918 1512
918 1545
918 1644
918 1647
918 1680
918 1714
918 1807
918 1853
918 1960
919 1259
919 1398
919 1400
919 1423
919 1630
919 1697
919 1801
919 2041
919 2042
919 2043
919 2047
920 1233
920 1245
920 1274
920 1394
920 1555
920 1729
920 1730
920 1752
920 1800
920 1837
920 1982
921 1313
921 1489
921 1490
921 1515
921 1606
921 1728
921 1730
921 1748
921 1978
921 2025
921 2026
921 2027
921 2047
922 1256
922 1411
922 1420
922 1441
922 1640
922 1647
922 1662
922 1728
922 1729
922 1747
922 1781
922 1942
922 1977
923 1233
923 1242
923 1271
923 1391
923 1504
923 1507
923 1540
923 1709
923 1783
923 2020
923 2021
923 2027
923 2043
924 1304
924 1305
924 1332
924 1411
924 1418
924 1439
924 1551
924 1779
924 1847
924 2019
924 2021
924 2026
924 2042
925 1277
925 1374
925 1640
925 1644
925 1659
925 1832
925 1939
925 2019
925 2020
925 2025
925 2041
926 1135
926 1138
926 1219
926 1527
926 1671
926 1737
926 1793
926 1795
926 1808
926 1963
926 1972
927 1213
927 1422
927 1596
927 1597
927 1639
927 1717
927 1825
927 1998
927 2002
927 2006
927 2031
928 1106
928 1109
928 1219
928 1475
928 1505
928 1506
928 1548
928 1717
928 1775
928 1867
928 2039
929 1165
929 1463
929 1492
929 1493
929 1548
929 1639
929 1874
929 1907
929 1911
929 1916
929 2016
930 1153
930 1453
930 1455
930 1468
930 1590
930 1631
930 1841
930 1843
930 1869
930 1950
930 1972
931 1196
931 1202
931 1209
931 1372
931 1668
931 1753
931 1786
931 1788
931 1814
931 1950
931 1969
932 1191
932 1371
932 1610
932 1741
932 1745
932 1750
932 1986
932 1988
932 1990
932 2016
932 2045
933 1182
933 1487
933 1488
933 1493
933 1506
933 1597
933 1767
933 1769
933 1814
933 1869
933 1995
934 1169
934 1175
934 1209
934 1415
934 1417
934 1468
934 1488
934 1492
934 1505
934 1596
934 1808
934 1860
934 1922
934 1924
934 1926
934 2045
935 1168
935 1175
935 1202
935 1406
935 1578
935 1582
935 1586
935 1607
935 1853
935 1946
935 2031
936 1123
936 1413
936 1417
936 1455
936 1628
936 1711
936 1715
936 1750
936 1795
936 1916
936 1940
937 1097
937 1109
937 1138
937 1394
937 1567
937 1571
937 1586
937 1710
937 1715
937 1745
937 1763
937 1769
937 1788
937 1843
937 1911
937 2006
938 1177
938 1413
938 1415
938 1453
938 1566
938 1571
938 1582
938 1679
938 1704
938 1793
938 2002
939 1120
939 1402
939 1676
939 1763
939 1767
939 1786
939 1841
939 1897
939 1899
939 1926
939 1990
940 1097
940 1106
940 1135
940 1391
940 1525
940 1702
940 1896
940 1899
940 1924
940 1936
940 1988
941 1168
941 1169
941 1196
941 1451
941 1524
941 1674
941 1710
941 1711
941 1741
941 1847
941 1907
942 1141
942 1450
942 1566
942 1567
942 1578
942 1622
942 1896
942 1897
942 1922
942 1986
942 1998
943 1203
943 1302
943 1656
943 1661
943 1667
943 1690
943 1954
943 1955
943 1958
943 1996
943 2038
944 1090
944 1093
944 1219
944 1355
944 1565
944 1570
944 1576
944 1712
944 1716
944 1755
944 1851
944 1921
944 1996
945 1167
945 1170
945 1189
945 1343
945 1521
945 1634
945 1638
945 1677
945 1840
945 1921
945 1989
946 1183
946 1185
946 1227
946 1333
946 1335
946 1348
946 1509
946 1859
946 1861
946 1881
946 1923
946 1972
946 2011
947 1144
947 1147
947 1189
947 1252
947 1652
947 1719
947 1804
947 1806
947 1826
947 2011
947 2030
948 1162
948 1164
948 1227
948 1251
948 1601
948 1605
948 1677
948 1755
948 1823
948 1928
948 1930
948 1937
948 1965
949 1142
949 1147
949 1170
949 1367
949 1583
949 1584
949 1587
949 1700
949 1892
949 1894
949 1901
949 1965
949 2038
950 1126
950 1295
950 1297
950 1348
950 1625
950 1759
950 1808
950 1884
950 1886
950 1901
950 1937
951 1286
951 1495
951 1500
951 1576
951 1667
951 1770
951 1772
951 1826
951 1881
951 1883
951 1886
951 1894
951 1930
952 1142
952 1144
952 1167
952 1293
952 1297
952 1335
952 1494
952 1500
952 1570
952 1661
952 1697
952 1795
952 2034
953 1081
953 1093
953 1138
953 1274
953 1502
953 1875
953 1883
953 1884
953 1892
953 1928
953 2024
954 1293
954 1295
954 1333
954 1553
954 1554
954 1587
954 1595
954 1605
954 1638
954 1716
954 1793
954 1871
954 1958
955 1155
955 1164
955 1185
955 1282
955 1552
955 1554
955 1584
955 1620
955 1781
955 1955
955 2017
956 1081
956 1090
956 1135
956 1271
956 1552
956 1553
956 1583
956 1732
956 1765
956 1772
956 1806
956 1861
956 1954
957 1155
957 1162
957 1183
957 1331
957 1494
957 1495
957 1565
957 1656
957 1731
957 1779
957 1868
958 1118
958 1330
958 1595
958 1601
958 1634
958 1712
958 1765
958 1770
958 1804
958 1859
958 2014
959 1154
959 1161
959 1172
959 1280
959 1281
959 1323
959 1460
959 1465
959 1471
959 1717
959 1768
959 1914
959 1996
960 1179
960 1184
960 1208
960 1267
960 1268
960 1323
960 1416
960 1639
960 1878
960 1879
960 1882
960 1904
960 2046
961 1129
961 1136
961 1172
961 1365
961 1404
961 1624
961 1885
961 1891
961 1912
961 1948
961 1967
962 1128
962 1136
962 1161
962 1237
962 1613
962 1757
962 1758
962 1761
962 1971
962 1974
962 1979
962 2015
962 2046
963 1146
963 1151
963 1208
963 1236
963 1670
963 1738
963 1785
963 1791
963 1812
963 1948
963 1984
964 1220
964 1263
964 1268
964 1281
964 1478
964 1479
964 1482
964 1597
964 1776
964 1782
964 1812
964 1912
964 2038
965 1111
965 1263
965 1267
965 1280
965 1596
965 1803
965 1862
965 1865
965 1870
965 1920
965 2015
966 1143
966 1151
966 1184
966 1353
966 1357
966 1361
966 1390
966 1395
966 1471
966 1667
966 1714
966 1796
966 2031
967 1092
967 1389
967 1395
967 1465
967 1661
967 1773
967 1782
967 1791
967 1849
967 1852
967 1870
967 1891
967 1979
968 1194
968 1342
968 1346
968 1361
968 1397
968 1635
968 1848
968 1852
968 1865
968 1974
968 2006
969 1128
969 1129
969 1154
969 1341
969 1346
969 1357
969 1448
969 1449
969 1482
969 1606
969 1898
969 1958
969 2002
970 1089
970 1447
970 1449
970 1479
970 1633
970 1705
970 1706
970 1761
970 1792
970 1882
970 1955
971 1143
971 1146
971 1179
971 1300
971 1447
971 1448
971 1478
971 1709
971 1848
971 1849
971 1862
971 1954
971 1971
972 1190
972 1299
972 1389
972 1390
972 1460
972 1656
972 1703
972 1706
972 1758
972 1879
972 1895
973 1103
973 1341
973 1342
973 1353
973 1703
973 1705
973 1757
973 1773
973 1776
973 1785
973 1878
973 1885
973 1998
974 1253
974 1254
974 1323
974 1438
974 1442
974 1481
974 1548
974 1809
974 1810
974 1822
974 1856
974 1921
974 2022
975 1115
975 1122
975 1172
975 1315
975 1533
975 1743
975 1744
975 1756
975 1980
975 1981
975 1991
975 2022
975 2037
976 1114
976 1122
976 1161
976 1352
976 1456
976 1522
976 1735
976 1889
976 1890
976 1925
976 1961
977 1197
977 1294
977 1405
977 1409
977 1481
977 1579
977 1755
977 1844
977 1845
977 1880
977 1961
978 1207
978 1210
978 1228
978 1249
978 1254
978 1281
978 1506
978 1835
978 1836
978 1880
978 1925
978 2009
978 2013
979 1180
979 1249
979 1253
979 1280
979 1429
979 1505
979 1816
979 1817
979 1827
979 2004
979 2037
980 1192
980 1195
980 1228
980 1291
980 1376
980 1381
980 1471
980 1576
980 1701
980 1960
980 1983
981 1178
981 1312
981 1375
981 1381
981 1465
981 1570
981 1692
981 1693
981 1756
981 1822
981 1949
982 1079
982 1093
982 1109
982 1245
982 1544
982 1699
982 1798
982 1799
982 1827
982 1944
982 1991
983 1114
983 1115
983 1154
983 1363
983 1399
983 1409
983 1442
983 1515
983 1716
983 1943
983 1968
984 1188
984 1195
984 1210
984 1360
984 1424
984 1542
984 1689
984 1693
984 1744
984 1810
984 1942
985 1079
985 1090
985 1106
985 1242
985 1689
985 1692
985 1743
985 1809
985 1828
985 1836
985 1845
985 1890
985 1966
986 1358
986 1375
986 1376
986 1460
986 1565
986 1794
986 1799
986 1817
986 1828
986 1835
986 1844
986 1889
986 1981
987 1188
987 1192
987 1207
987 1306
987 1399
987 1405
987 1438
987 1712
987 1794
987 1798
987 1816
987 1939
987 1980
988 1095
988 1377
988 1665
988 1666
988 1678
988 1829
988 1938
988 1941
988 1956
988 2005
988 2022
989 1102
989 1105
989 1189
989 1359
989 1445
989 1588
989 1589
989 1592
989 1657
989 1774
989 2046
990 1119
990 1124
990 1208
990 1347
990 1351
990 1356
990 1392
990 1396
990 1481
990 1569
990 1677
990 1764
990 2016
991 1100
991 1105
991 1170
991 1248
991 1254
991 1268
991 1426
991 1493
991 1802
991 1805
991 1820
991 2005
991 2036
992 1217
992 1218
992 1222
992 1248
992 1253
992 1267
992 1485
992 1492
992 1762
992 1997
992 2028
993 1116
993 1124
993 1184
993 1244
993 1545
993 1623
993 1787
993 1790
993 1820
993 1956
993 1976
994 1100
994 1102
994 1167
994 1317
994 1321
994 1356
994 1423
994 1614
994 1615
994 1678
994 1822
994 1916
994 1970
995 1199
995 1200
995 1222
995 1316
995 1321
995 1351
995 1370
995 1621
995 1911
995 1962
995 1982
996 1198
996 1200
996 1218
996 1310
996 1386
996 1396
996 1442
996 1638
996 1784
996 1790
996 1805
996 1941
996 1978
997 1198
997 1199
997 1217
997 1240
997 1536
997 1537
997 1592
997 1611
997 1615
997 1666
997 1810
997 1882
997 1977
998 1116
998 1119
998 1179
998 1308
998 1458
998 1540
998 1611
998 1614
998 1665
998 1809
998 1953
999 1316
999 1317
999 1347
999 1457
999 1534
999 1537
999 1589
999 1784
999 1787
999 1802
999 1879
999 1907
999 1938
1000 1083
1000 1386
1000 1392
1000 1438
1000 1534
1000 1536
1000 1588
1000 1634
1000 1878
1000 1951
1000 1964
1001 1112
1001 1122
1001 1136
1001 1326
1001 1328
1001 1354
1001 1464
1001 1466
1001 1486
1001 1497
1001 1708
1001 1950
1001 2011
1002 1108
1002 1110
1002 1227
1002 1269
1002 1483
1002 1550
1002 1556
1002 1577
1002 1698
1002 1948
1002 2029
1003 1201
1003 1307
1003 1309
1003 1354
1003 1541
1003 1547
1003 1577
1003 1736
1003 1739
1003 1754
1003 1869
1003 1912
1003 2005
1004 1193
1004 1241
1004 1243
1004 1348
1004 1468
1004 1568
1004 1672
1004 1673
1004 1683
1004 1696
1004 2037
1005 1211
1005 1266
1005 1430
1005 1432
1005 1486
1005 1561
1005 1721
1005 1724
1005 1754
1005 1881
1005 1956
1006 1205
1006 1239
1006 1243
1006 1335
1006 1455
1006 1538
1006 1547
1006 1556
1006 1602
1006 1603
1006 1678
1006 1756
1006 1891
1007 1204
1007 1303
1007 1309
1007 1328
1007 1369
1007 1654
1007 1655
1007 1683
1007 1843
1007 1919
1007 1991
1008 1112
1008 1115
1008 1129
1008 1239
1008 1241
1008 1333
1008 1453
1008 1490
1008 1718
1008 1724
1008 1739
1008 1915
1008 1941
1009 1101
1009 1110
1009 1185
1009 1303
1009 1307
1009 1326
1009 1441
1009 1557
1009 1599
1009 1603
1009 1666
1009 1744
1009 1841
1010 1187
1010 1261
1010 1425
1010 1432
1010 1466
1010 1599
1010 1602
1010 1665
1010 1743
1010 1861
1010 1913
1011 1101
1011 1108
1011 1183
1011 1260
1011 1439
1011 1650
1011 1655
1011 1673
1011 1718
1011 1721
1011 1736
1011 1938
1011 1981
1012 1082
1012 1425
1012 1430
1012 1464
1012 1538
1012 1541
1012 1550
1012 1650
1012 1654
1012 1672
1012 1859
1012 1885
1012 1980
1013 1221
1013 1232
1013 1645
1013 1646
1013 1681
1013 1687
1013 1961
1013 1993
1013 1994
1013 2003
1013 2018
1014 1098
1014 1105
1014 1147
1014 1296
1014 1298
1014 1354
1014 1403
1014 1636
1014 1637
1014 1681
1014 1814
1014 1925
1014 1985
1015 1088
1015 1094
1015 1209
1015 1345
1015 1393
1015 1572
1015 1575
1015 1580
1015 1685
1015 1957
1015 2015
1016 1087
1016 1094
1016 1202
1016 1338
1016 1419
1016 1421
1016 1486
1016 1600
1016 1826
1016 1908
1016 1909
1016 1918
1016 2018
1017 1098
1017 1102
1017 1144
1017 1276
1017 1400
1017 1559
1017 1562
1017 1580
1017 1902
1017 1903
1017 1918
1017 1979
1017 2003
1018 1186
1018 1292
1018 1298
1018 1328
1018 1480
1018 1558
1018 1562
1018 1575
1018 1598
1018 1788
1018 1974
1019 1112
1019 1114
1019 1128
1019 1287
1019 1476
1019 1489
1019 1900
1019 1903
1019 1909
1019 1935
1019 1994
1020 1292
1020 1296
1020 1326
1020 1388
1020 1513
1020 1514
1020 1592
1020 1761
1020 1786
1020 1900
1020 1902
1020 1908
1020 1993
1021 1285
1021 1414
1021 1421
1021 1466
1021 1558
1021 1559
1021 1572
1021 1629
1021 1637
1021 1646
1021 1806
1021 1890
1021 1971
1022 1087
1022 1088
1022 1196
1022 1332
1022 1473
1022 1511
1022 1514
1022 1589
1022 1629
1022 1636
1022 1645
1022 1758
1022 1889
1023 1181
1023 1270
1023 1414
1023 1419
1023 1464
1023 1511
1023 1513
1023 1588
1023 1757
1023 1804
1023 1931
1024 1091
1024 1452
1024 1454
1024 1461
1024 1520
1024 1526
1024 1577
1024 1626
1024 1627
1024 1681
1024 1812
1024 1880
1024 1965
1025 1134
1025 1362
1025 1364
1025 1366
1025 1444
1025 1446
1025 1461
1025 1585
1025 1684
1025 1937
1025 2045
1026 1113
1026 1124
1026 1151
1026 1264
1026 1443
1026 1446
1026 1454
1026 1512
1026 1863
1026 1864
1026 1873
1026 1930
1026 2018
1027 1132
1027 1284
1027 1288
1027 1356
1027 1517
1027 1526
1027 1556
1027 1750
1027 1791
1027 1857
1027 1858
1027 1873
1027 2003
1028 1176
1028 1283
1028 1288
1028 1351
1028 1443
1028 1444
1028 1452
1028 1498
1028 1745
1028 1819
1028 1928
1029 1086
1029 1383
1029 1396
1029 1409
1029 1563
1029 1605
1029 1815
1029 1855
1029 1858
1029 1864
1029 1994
1030 1099
1030 1110
1030 1164
1030 1337
1030 1339
1030 1366
1030 1420
1030 1496
1030 1855
1030 1857
1030 1863
1030 1990
1030 1993
1031 1113
1031 1119
1031 1146
1031 1336
1031 1339
1031 1364
1031 1507
1031 1619
1031 1627
1031 1646
1031 1813
1031 1845
1031 1988
1032 1099
1032 1108
1032 1162
1032 1283
1032 1284
1032 1347
1032 1418
1032 1560
1032 1619
1032 1626
1032 1645
1032 1741
1032 1844
1033 1171
1033 1336
1033 1337
1033 1362
1033 1383
1033 1392
1033 1405
1033 1517
1033 1520
1033 1550
1033 1601
1033 1785
1033 1986
1034 1163
1034 1248
1034 1249
1034 1263
1034 1435
1034 1437
1034 1461
1034 1488
1034 1876
1034 1901
1034 2023
1035 1137
1035 1140
1035 1228
1035 1350
1035 1434
1035 1437
1035 1454
1035 1680
1035 1691
1035 1694
1035 1754
1035 1820
1035 1894
1036 1098
1036 1100
1036 1142
1036 1344
1036 1398
1036 1516
1036 1526
1036 1547
1036 1669
1036 1782
1036 1987
1037 1125
1037 1290
1037 1298
1037 1309
1037 1434
1037 1435
1037 1452
1037 1664
1037 1760
1037 1769
1037 1892
1038 1085
1038 1379
1038 1380
1038 1482
1038 1587
1038 1663
1038 1688
1038 1694
1038 1739
1038 1805
1038 1854
1039 1133
1039 1140
1039 1210
1039 1290
1039 1296
1039 1307
1039 1378
1039 1380
1039 1479
1039 1584
1039 1662
1039 1767
1039 1975
1040 1157
1040 1340
1040 1378
1040 1379
1040 1478
1040 1583
1040 1618
1040 1627
1040 1637
1040 1751
1040 1836
1041 1121
1041 1247
1041 1618
1041 1626
1041 1636
1041 1688
1041 1691
1041 1736
1041 1802
1041 1835
1041 1973
1042 1133
1042 1137
1042 1207
1042 1246
1042 1516
1042 1520
1042 1541
1042 1659
1042 1749
1042 1776
1042 1850
1043 1084
1043 1094
1043 1175
1043 1311
1043 1433
1043 1437
1043 1446
1043 1523
1043 1675
1043 1746
1043 1886
1044 1130
1044 1235
1044 1243
1044 1297
1044 1417
1044 1532
1044 1535
1044 1580
1044 1740
1044 1870
1044 1959
1045 1149
1045 1150
1045 1222
1045 1433
1045 1435
1045 1444
1045 1531
1045 1535
1045 1575
1045 1616
1045 1617
1045 1683
1045 1752
1045 1827
1045 1865
1045 1884
1046 1148
1046 1150
1046 1218
1046 1235
1046 1241
1046 1295
1046 1415
1046 1546
1046 1660
1046 1748
1046 1846
1047 1148
1047 1149
1047 1217
1047 1320
1047 1322
1047 1366
1047 1385
1047 1519
1047 1747
1047 1926
1047 1947
1048 1156
1048 1319
1048 1322
1048 1364
1048 1408
1048 1531
1048 1532
1048 1572
1048 1658
1048 1862
1048 1924
1049 1084
1049 1088
1049 1169
1049 1305
1049 1407
1049 1543
1049 1612
1049 1617
1049 1673
1049 1817
1049 1945
1050 1096
1050 1319
1050 1320
1050 1362
1050 1612
1050 1616
1050 1672
1050 1734
1050 1816
1050 1842
1050 1922
1051 1160
1051 1329
1051 1368
1051 1381
1051 1395
1051 1500
1051 1733
1051 1833
1051 1834
1051 1873
1051 1918
1052 1159
1052 1258
1052 1262
1052 1361
1052 1433
1052 1434
1052 1443
1052 1586
1052 1594
1052 1883
1052 2044
1053 1257
1053 1262
1053 1357
1053 1582
1053 1653
1053 1686
1053 1694
1053 1724
1053 1790
1053 1831
1053 1834
1053 1864
1053 1909
1054 1131
1054 1140
1054 1195
1054 1234
1054 1518
1054 1647
1054 1831
1054 1833
1054 1863
1054 1908
1054 2035
1055 1113
1055 1116
1055 1143
1055 1325
1055 1410
1055 1421
1055 1432
1055 1504
1055 1651
1055 1772
1055 2033
1056 1084
1056 1087
1056 1168
1056 1304
1056 1368
1056 1376
1056 1390
1056 1495
1056 1686
1056 1691
1056 1721
1056 1787
1056 2032
1057 1131
1057 1137
1057 1192
1057 1257
1057 1258
1057 1353
1057 1410
1057 1419
1057 1430
1057 1578
1057 1644
1057 1727
1057 1770
1058 1158
1058 1279
1058 1288
1058 1321
1058 1484
1058 1529
1058 1535
1058 1562
1058 1643
1058 1715
1058 1852
1059 1229
1059 1230
1059 1231
1059 1235
1059 1239
1059 1293
1059 1413
1059 1642
1059 1830
1059 1834
1059 1858
1059 1903
1059 2047
1060 1080
1060 1477
1060 1593
1060 1603
1060 1615
1060 1693
1060 1830
1060 1833
1060 1857
1060 1902
1060 1934
1061 1224
1061 1225
1061 1231
1061 1324
1061 1529
1061 1532
1061 1559
1061 1593
1061 1602
1061 1614
1061 1692
1061 1849
1061 2043
1062 1223
1062 1225
1062 1230
1062 1279
1062 1284
1062 1317
1062 1368
1062 1375
1062 1389
1062 1494
1062 1711
1062 1932
1062 2042
1063 1223
1063 1224
1063 1229
1063 1265
1063 1474
1063 1516
1063 1517
1063 1538
1063 1726
1063 1773
1063 2041
1064 1145
1064 1150
1064 1200
1064 1255
1064 1262
1064 1346
1064 1431
1064 1571
1064 1641
1064 1730
1064 1780
1065 1145
1065 1149
1065 1199
1065 1290
1065 1292
1065 1303
1065 1472
1065 1491
1065 1729
1065 1763
1065 2010
1066 1079
1066 1081
1066 1097
1066 1233
1066 1529
1066 1531
1066 1558
1066 1725
1066 1778
1066 1848
1066 2008
1067 1117
1067 1279
1067 1283
1067 1316
1067 1428
1067 1609
1067 1617
1067 1655
1067 1710
1067 1799
1067 2007
1068 1166
1068 1255
1068 1258
1068 1342
1068 1469
1068 1567
1068 1609
1068 1616
1068 1654
1068 1723
1068 1798
1069 1145
1069 1148
1069 1198
1069 1275
1069 1373
1069 1380
1069 1449
1069 1554
1069 1728
1069 1830
1069 1831
1069 1855
1069 1900
1070 1215
1070 1216
1070 1231
1070 1278
1070 1373
1070 1379
1070 1448
1070 1553
1070 1648
1070 1777
1070 2027
1071 1214
1071 1216
1071 1230
1071 1273
1071 1427
1071 1539
1071 1686
1071 1688
1071 1718
1071 1784
1071 2026
1072 1214
1072 1215
1072 1229
1072 1255
1072 1257
1072 1341
1072 1383
1072 1386
1072 1399
1072 1566
1072 1595
1072 1838
1072 2025
1073 1314
1073 1322
1073 1339
1073 1373
1073 1378
1073 1447
1073 1552
1073 1593
1073 1599
1073 1611
1073 1689
1073 1899
1073 2001
1074 1099
1074 1101
1074 1155
1074 1272
1074 1411
1074 1503
1074 1514
1074 1537
1074 1706
1074 1929
1074 2000
1075 1131
1075 1133
1075 1188
1075 1314
1075 1320
1075 1337
1075 1467
1075 1503
1075 1513
1075 1536
1075 1640
1075 1705
1075 1897
1076 1212
1076 1216
1076 1225
1076 1250
1076 1401
1076 1618
1076 1619
1076 1629
1076 1828
1076 1999
1076 2021
1077 1212
1077 1215
1077 1224
1077 1314
1077 1319
1077 1336
1077 1410
1077 1414
1077 1425
1077 1720
1077 1765
1077 1896
1077 2020
1078 1212
1078 1214
1078 1223
1078 1238
1078 1503
1078 1511
1078 1534
1078 1609
1078 1612
1078 1650
1078 1703
1078 1794
1078 2019
1079 1510
1079 1513
1079 1585
1079 1671
1079 1754
1079 1900
1079 1906
1079 1912
1079 1932
1079 1997
1080 1405
1080 1408
1080 1480
1080 1754
1080 1774
1080 1777
1080 1794
1080 1844
1080 1846
1080 1881
1080 1894
1080 1962
1081 1475
1081 1696
1081 1703
1081 1713
1081 1785
1081 1790
1081 1811
1081 1834
1081 1947
1081 1985
1082 1378
1082 1381
1082 1480
1082 1585
1082 1618
1082 1625
1082 1635
1082 1834
1082 1937
1082 1974
1083 1539
1083 1542
1083 1559
1083 1641
1083 1646
1083 1667
1083 1894
1083 1947
1083 2003
1083 2004
1083 2007
1083 2038
1084 1554
1084 1556
1084 1591
1084 1595
1084 1602
1084 1635
1084 1713
1084 1962
1084 1969
1084 2013
1085 1460
1085 1466
1085 1472
1085 1518
1085 1521
1085 1559
1085 1594
1085 1602
1085 1625
1085 1703
1085 1794
1085 1997
1086 1456
1086 1535
1086 1537
1086 1591
1086 1611
1086 1616
1086 1667
1086 1735
1086 1811
1086 1881
1087 1448
1087 1516
1087 1521
1087 1542
1087 1677
1087 1744
1087 1777
1087 1860
1088 1436
1088 1442
1088 1472
1088 1720
1088 1818
1088 1819
1088 1822
1088 1853
1088 1912
1088 2038
1089 1435
1089 1442
1089 1466
1089 1608
1089 1616
1089 1646
1089 1731
1089 1790
1089 1868
1089 1906
1090 1394
1090 1516
1090 1518
1090 1539
1090 1718
1090 1774
1090 1863
1090 2046
1091 1369
1091 1381
1091 1408
1091 1513
1091 1655
1091 1803
1091 1804
1091 1822
1091 1862
1091 2007
1092 1443
1092 1594
1092 1595
1092 1618
1092 1696
1092 1802
1092 1804
1092 1819
1092 2004
1092 2037
1093 1391
1093 1528
1093 1537
1093 1556
1093 1727
1093 1802
1093 1803
1093 1818
1093 1846
1093 2003
1094 1369
1094 1378
1094 1405
1094 1510
1094 1608
1094 1611
1094 1641
1094 1785
1094 1847
1094 2034
1095 1435
1095 1436
1095 1460
1095 1528
1095 1535
1095 1554
1095 1651
1095 1844
1095 1900
1095 2033
1096 1285
1096 1288
1096 1360
1096 1629
1096 1754
1096 1810
1096 1856
1096 1858
1096 1869
1096 1999
1097 1355
1097 1538
1097 1687
1097 1688
1097 1726
1097 1792
1097 1882
1097 2018
1098 1258
1098 1261
1098 1360
1098 1585
1098 1609
1098 1610
1098 1648
1098 1792
1098 1840
1098 2045
1099 1575
1099 1597
1099 1598
1099 1648
1099 1726
1099 1923
1099 1949
1099 1953
1099 1957
1099 2031
1100 1566
1100 1568
1100 1579
1100 1683
1100 1719
1100 1895
1100 1897
1100 1919
1100 1983
1100 1999
1101 1340
1101 1346
1101 1352
1101 1492
1101 1823
1101 1850
1101 1852
1101 1874
1101 1983
1101 1997
1102 1336
1102 1491
1102 1700
1102 1813
1102 1817
1102 1821
1102 2010
1102 2031
1103 1328
1103 1593
1103 1598
1103 1610
1103 1688
1103 1833
1103 1835
1103 1874
1103 1919
1103 2016
1104 1316
1104 1322
1104 1352
1104 1532
1104 1534
1104 1579
1104 1593
1104 1597
1104 1609
1104 1687
1104 1869
1104 1912
1104 1961
1105 1315
1105 1322
1105 1346
1105 1524
1105 1674
1105 1697
1105 1906
1105 1980
1106 1274
1106 1530
1106 1534
1106 1568
1106 1787
1106 1791
1106 1821
1106 1858
1106 1957
1106 1975
1107 1249
1107 1261
1107 1288
1107 1513
1107 1665
1107 1786
1107 1791
1107 1817
1107 1829
1107 1835
1107 1852
1107 1897
1107 1953
1108 1323
1108 1530
1108 1532
1108 1566
1108 1664
1108 1760
1108 1781
1108 1856
1109 1271
1109 1520
1109 1758
1109 1829
1109 1833
1109 1850
1109 1895
1109 1941
1110 1249
1110 1258
1110 1285
1110 1510
1110 1628
1110 1779
1110 1940
1110 1971
1111 1315
1111 1316
1111 1340
1111 1627
1111 1756
1111 1786
1111 1787
1111 1813
1111 1900
1111 1949
1112 1433
1112 1741
1112 1746
1112 1751
1112 1768
1112 1986
1112 1987
1112 1989
1112 2017
1112 2044
1113 1243
1113 1246
1113 1360
1113 1480
1113 1663
1113 1668
1113 1673
1113 1788
1113 1904
1113 2017
1114 1314
1114 1317
1114 1334
1114 1470
1114 1624
1114 1722
1114 1894
1114 2012
1115 1329
1115 1331
1115 1366
1115 1461
1115 1463
1115 1474
1115 1613
1115 1911
1115 1962
1115 1999
1116 1293
1116 1296
1116 1334
1116 1387
1116 1738
1116 1794
1116 1866
1116 2040
1117 1310
1117 1312
1117 1366
1117 1386
1117 1692
1117 1881
1117 1964
1117 1966
1117 1972
1117 1993
1118 1291
1118 1296
1118 1317
1118 1678
1118 1679
1118 1681
1118 1777
1118 1936
1118 1938
1118 1944
1118 1993
1118 2044
1119 1427
1119 1429
1119 1474
1119 1714
1119 1827
1119 1869
1119 1929
1119 1931
1119 1944
1119 1972
1120 1419
1120 1600
1120 1605
1120 1673
1120 1751
1120 1836
1120 1928
1120 1931
1120 1938
1120 1966
1121 1291
1121 1293
1121 1314
1121 1425
1121 1429
1121 1463
1121 1599
1121 1605
1121 1668
1121 1746
1121 1774
1121 1858
1122 1234
1122 1246
1122 1288
1122 1408
1122 1606
1122 1924
1122 1928
1122 1929
1122 1936
1122 1964
1123 1425
1123 1427
1123 1461
1123 1653
1123 1654
1123 1681
1123 1686
1123 1856
1123 1921
1123 1989
1124 1303
1124 1312
1124 1331
1124 1415
1124 1652
1124 1654
1124 1679
1124 1709
1124 1846
1124 1987
1125 1234
1125 1243
1125 1285
1125 1405
1125 1652
1125 1653
1125 1678
1125 1806
1125 1831
1125 1986
1126 1303
1126 1310
1126 1329
1126 1599
1126 1600
1126 1663
1126 1741
1126 1805
1126 1844
1126 1918
1127 1302
1127 1309
1127 1319
1127 1413
1127 1414
1127 1452
1127 1572
1127 1577
1127 1582
1127 1792
1127 1834
1127 1955
1127 2017
1128 1325
1128 1330
1128 1351
1128 1401
1128 1402
1128 1452
1128 1533
1128 1726
1128 1926
1128 1947
1129 1279
1129 1286
1129 1319
1129 1487
1129 1522
1129 1713
1129 1930
1129 1995
1130 1278
1130 1286
1130 1309
1130 1373
1130 1703
1130 1826
1130 1998
1130 2001
1130 2005
1130 2030
1131 1295
1131 1300
1131 1351
1131 1372
1131 1753
1131 1811
1131 1849
1131 2009
1132 1361
1132 1397
1132 1402
1132 1414
1132 1587
1132 1588
1132 1590
1132 1688
1132 1841
1132 2044
1133 1397
1133 1401
1133 1413
1133 1687
1133 1865
1133 1913
1133 1916
1133 1920
1133 1960
1133 2030
1134 1292
1134 1300
1134 1330
1134 1478
1134 1509
1134 1514
1134 1582
1134 1751
1134 1790
1134 1859
1135 1245
1135 1508
1135 1514
1135 1577
1135 1746
1135 1838
1135 1902
1135 1905
1135 1920
1135 2005
1136 1339
1136 1469
1136 1515
1136 1723
1136 1901
1136 1905
1136 1916
1136 2001
1137 1278
1137 1279
1137 1302
1137 1468
1137 1562
1137 1563
1137 1590
1137 1696
1137 1942
1137 1989
1138 1242
1138 1561
1138 1563
1138 1588
1138 1721
1138 1782
1138 1855
1138 1987
1139 1292
1139 1295
1139 1325
1139 1432
1139 1561
1139 1562
1139 1587
1139 1785
1139 1901
1139 1902
1139 1913
1139 1986
1139 1998
1140 1335
1140 1431
1140 1508
1140 1509
1140 1572
1140 1741
1140 1780
1140 1939
1141 1388
1141 1389
1141 1452
1141 1553
1141 1648
1141 1870
1141 1871
1141 1880
1141 1908
1141 2035
1142 1266
1142 1273
1142 1319
1142 1445
1142 1635
1142 1815
1142 1816
1142 1825
1142 2006
1142 2035
1143 1265
1143 1273
1143 1309
1143 1569
1143 1625
1143 1808
1143 1934
1143 1935
1143 1963
1143 1991
1144 1341
1144 1426
1144 1523
1144 1675
1144 1898
1144 1899
1144 1927
1144 1991
1145 1350
1145 1384
1145 1389
1145 1414
1145 1610
1145 1890
1145 1891
1145 1927
1145 1963
1145 2028
1146 1326
1146 1384
1146 1388
1146 1413
1146 1545
1146 1609
1146 1876
1146 2023
1147 1337
1147 1423
1147 1496
1147 1501
1147 1582
1147 1673
1147 1778
1147 2008
1148 1324
1148 1495
1148 1501
1148 1577
1148 1668
1148 1770
1148 1771
1148 1825
1148 1880
1148 1982
1149 1232
1149 1246
1149 1261
1149 1381
1149 1645
1149 1776
1149 1861
1149 1978
1150 1265
1150 1266
1150 1302
1150 1486
1150 1517
1150 1618
1150 1977
1150 1996
1151 1333
1151 1484
1151 1540
1151 1643
1151 1767
1151 1771
1151 1816
1151 1871
1152 1232
1152 1243
1152 1258
1152 1378
1152 1767
1152 1770
1152 1815
1152 1870
1152 1883
1152 1891
1152 1899
1152 1935
1152 1994
1153 1482
1153 1495
1153 1496
1153 1572
1153 1663
1153 1857
1153 1883
1153 1890
1153 1898
1153 1934
1154 1497
1154 1749
1154 1750
1154 1759
1154 1884
1154 1973
1154 1976
1154 1988
1154 2024
1154 2035
1155 1254
1155 1257
1155 1334
1155 1483
1155 1559
1155 1682
1155 1742
1155 1839
1156 1270
1156 1275
1156 1351
1156 1473
1156 1477
1156 1481
1156 1511
1156 1667
1156 1830
1156 2031
1157 1252
1157 1257
1157 1317
1157 1383
1157 1389
1157 1402
1157 1542
1157 1598
1157 1864
1157 1867
1157 1879
1157 2024
1158 1358
1158 1359
1158 1362
1158 1383
1158 1388
1158 1401
1158 1592
1158 1597
1158 1828
1158 2038
1159 1267
1159 1275
1159 1330
1159 1380
1159 1646
1159 1712
1159 1851
1159 1854
1159 1879
1159 1988
1160 1252
1160 1254
1160 1314
1160 1447
1160 1451
1160 1481
1160 1539
1160 1704
1160 1705
1160 1759
1160 1880
1160 1957
1161 1343
1161 1344
1161 1362
1161 1446
1161 1451
1161 1477
1161 1490
1161 1710
1161 1953
1161 2007
1162 1342
1162 1344
1162 1359
1162 1441
1162 1505
1162 1848
1162 1854
1162 1867
1162 1976
1162 2004
1163 1342
1163 1343
1163 1358
1163 1376
1163 1638
1163 1701
1163 1705
1163 1750
1163 1871
1163 2003
1164 1267
1164 1270
1164 1325
1164 1439
1164 1571
1164 1641
1164 1701
1164 1704
1164 1749
1164 1870
1165 1446
1165 1447
1165 1473
1165 1570
1165 1636
1165 1848
1165 1851
1165 1864
1165 1949
1165 1973
1166 1263
1166 1273
1166 1286
1166 1455
1166 1457
1166 1479
1166 1576
1166 1602
1166 1784
1166 1983
1167 1260
1167 1262
1167 1366
1167 1403
1167 1591
1167 1650
1167 1775
1167 2039
1168 1345
1168 1438
1168 1440
1168 1479
1168 1642
1168 1809
1168 1812
1168 1824
1168 1919
1168 2024
1169 1338
1169 1377
1169 1379
1169 1474
1169 1579
1169 1666
1169 1755
1169 1773
1170 1353
1170 1400
1170 1546
1170 1660
1170 1796
1170 1799
1170 1824
1170 1988
1171 1348
1171 1375
1171 1379
1171 1463
1171 1568
1171 1639
1171 1693
1171 1694
1171 1759
1171 1825
1172 1347
1172 1434
1172 1440
1172 1457
1172 1489
1172 1740
1172 1897
1172 1959
1173 1263
1173 1266
1173 1279
1173 1375
1173 1377
1173 1461
1173 1566
1173 1595
1173 1793
1173 1799
1173 1812
1173 1956
1173 1976
1174 1253
1174 1262
1174 1331
1174 1434
1174 1438
1174 1455
1174 1556
1174 1656
1174 1690
1174 1694
1174 1750
1174 1816
1174 1895
1175 1332
1175 1396
1175 1541
1175 1690
1175 1693
1175 1749
1175 1815
1175 1954
1176 1253
1176 1260
1176 1329
1176 1395
1176 1554
1176 1736
1176 1793
1176 1796
1176 1809
1176 1973
1177 1368
1177 1732
1177 1733
1177 1761
1177 1765
1177 1991
1177 2014
1177 2015
1177 2022
1177 2032
1178 1250
1178 1257
1178 1296
1178 1428
1178 1430
1178 1479
1178 1521
1178 1724
1178 1725
1178 1761
1178 1874
1178 1963
1179 1241
1179 1247
1179 1352
1179 1472
1179 1512
1179 1669
1179 1672
1179 1676
1179 1763
1179 2030
1180 1240
1180 1247
1180 1346
1180 1466
1180 1536
1180 1691
1180 1950
1180 1951
1180 1958
1180 2032
1181 1250
1181 1254
1181 1293
1181 1518
1181 1658
1181 1661
1181 1676
1181 1945
1181 1946
1181 1958
1181 2005
1181 2022
1182 1424
1182 1430
1182 1457
1182 1589
1182 1657
1182 1661
1182 1672
1182 1689
1182 1852
1182 2001
1183 1263
1183 1265
1183 1278
1183 1420
1183 1586
1183 1594
1183 1943
1183 1946
1183 1951
1183 2015
1184 1424
1184 1428
1184 1455
1184 1507
1184 1617
1184 1850
1184 1943
1184 1945
1184 1950
1184 2014
1185 1418
1185 1531
1185 1657
1185 1658
1185 1669
1185 1717
1185 1725
1185 1733
1185 1935
1185 1998
1186 1240
1186 1241
1186 1340
1186 1460
1186 1583
1186 1615
1186 1717
1186 1724
1186 1732
1186 1934
1187 1244
1187 1565
1187 1567
1187 1573
1187 1623
1187 1715
1187 1716
1187 1761
1187 1927
1187 1993
1188 1284
1188 1485
1188 1558
1188 1560
1188 1573
1188 1680
1188 1762
1188 1972
1189 1264
1189 1275
1189 1300
1189 1398
1189 1557
1189 1560
1189 1567
1189 1616
1189 1914
1189 1915
1189 1922
1189 1966
1189 2032
1190 1282
1190 1417
1190 1421
1190 1481
1190 1620
1190 1821
1190 1909
1190 1910
1190 1922
1190 2022
1191 1416
1191 1421
1191 1477
1191 1557
1191 1558
1191 1565
1191 1603
1191 1817
1191 1878
1191 1964
1192 1239
1192 1502
1192 1662
1192 1875
1192 1907
1192 1910
1192 1915
1192 2015
1193 1251
1193 1262
1193 1312
1193 1465
1193 1537
1193 1601
1193 1907
1193 1909
1193 1914
1193 2014
1194 1264
1194 1270
1194 1295
1194 1464
1194 1611
1194 1708
1194 1716
1194 1733
1194 1873
1194 1899
1195 1251
1195 1260
1195 1310
1195 1416
1195 1417
1195 1473
1195 1535
1195 1659
1195 1708
1195 1715
1195 1732
1195 1813
1195 1898
1196 1311
1196 1383
1196 1384
1196 1397
1196 1550
1196 1552
1196 1573
1196 1593
1196 1944
1196 2036
1197 1287
1197 1476
1197 1549
1197 1552
1197 1567
1197 1769
1197 1772
1197 1824
1197 1879
1197 1938
1198 1250
1198 1252
1198 1291
1198 1471
1198 1516
1198 1619
1198 1752
1198 2011
1199 1276
1199 1422
1199 1430
1199 1440
1199 1549
1199 1550
1199 1565
1199 1748
1199 1835
1199 1936
1200 1238
1200 1499
1200 1500
1200 1590
1200 1681
1200 1747
1200 1766
1200 1772
1200 1812
1200 1867
1201 1283
1201 1422
1201 1428
1201 1438
1201 1498
1201 1500
1201 1588
1201 1679
1201 1833
1201 2002
1202 1305
1202 1467
1202 1498
1202 1499
1202 1587
1202 1678
1202 1707
1202 1716
1202 1725
1202 1891
1203 1272
1203 1707
1203 1715
1203 1724
1203 1766
1203 1769
1203 1809
1203 1864
1203 1890
1203 2000
1204 1237
1204 1247
1204 1322
1204 1442
1204 1548
1204 1552
1204 1560
1204 1626
1204 1757
1204 1931
1205 1280
1205 1371
1205 1379
1205 1429
1205 1534
1205 1634
1205 1637
1205 1676
1205 1920
1205 1990
1206 1298
1206 1299
1206 1362
1206 1548
1206 1550
1206 1558
1206 1633
1206 1637
1206 1672
1206 1706
1206 1822
1206 1916
1206 1929
1207 1297
1207 1299
1207 1359
1207 1371
1207 1377
1207 1427
1207 1532
1207 1647
1207 1745
1207 1819
1208 1297
1208 1298
1208 1358
1208 1450
1208 1504
1208 1622
1208 1818
1208 1981
1209 1304
1209 1449
1209 1526
1209 1633
1209 1634
1209 1669
1209 1743
1209 1913
1210 1237
1210 1241
1210 1316
1210 1436
1210 1525
1210 1644
1210 1702
1210 1979
1211 1308
1211 1458
1211 1488
1211 1501
1211 1514
1211 1605
1211 1888
1211 1889
1211 1922
1211 1958
1212 1307
1212 1393
1212 1548
1212 1549
1212 1557
1212 1685
1212 1928
1212 2047
1213 1392
1213 1739
1213 1764
1213 1772
1213 1799
1213 1854
1213 1886
1213 1889
1213 1915
1213 1951
1214 1281
1214 1370
1214 1621
1214 1886
1214 1888
1214 1914
1214 1950
1214 2043
1215 1264
1215 1267
1215 1292
1215 1454
1215 1527
1215 1608
1215 1737
1215 2042
1216 1237
1216 1240
1216 1315
1216 1435
1216 1488
1216 1496
1216 1509
1216 1600
1216 1764
1216 1769
1216 1796
1216 1851
1216 2041
1217 1306
1217 1412
1217 1421
1217 1451
1217 1631
1217 1637
1217 1661
1217 1730
1217 1791
1217 1905
1218 1367
1218 1371
1218 1375
1218 1425
1218 1530
1218 1729
1218 1885
1218 1889
1218 1910
1218 1946
1219 1233
1219 1684
1219 1694
1219 1705
1219 1771
1219 1885
1219 1888
1219 1909
1219 1945
1219 1970
1220 1364
1220 1453
1220 1631
1220 1634
1220 1658
1220 1684
1220 1693
1220 1704
1220 1770
1220 1902
1221 1363
1221 1412
1221 1417
1221 1447
1221 1488
1221 1495
1221 1508
1221 1599
1221 1787
1221 1968
1222 1294
1222 1299
1222 1344
1222 1390
1222 1547
1222 1728
1222 1804
1222 1845
1223 1294
1223 1298
1223 1343
1223 1422
1223 1424
1223 1434
1223 1596
1223 1803
1223 1829
1223 2027
1224 1232
1224 1234
1224 1249
1224 1369
1224 1631
1224 1633
1224 1657
1224 1843
1224 1901
1224 2026
1225 1268
1225 1412
1225 1416
1225 1446
1225 1544
1225 1699
1225 1786
1225 2025
1226 1294
1226 1297
1226 1342
1226 1409
1226 1493
1226 1500
1226 1563
1226 1654
1226 1802
1226 1885
1226 1886
1226 1907
1226 1943
1227 1357
1227 1411
1227 1493
1227 1499
1227 1562
1227 1653
1227 1734
1227 1842
1228 1356
1228 1407
1228 1543
1228 1640
1228 1764
1228 1766
1228 1793
1228 1848
1229 1444
1229 1493
1229 1498
1229 1561
1229 1652
1229 1684
1229 1690
1229 1701
1229 1767
1229 2021
1230 1251
1230 1253
1230 1303
1230 1406
1230 1528
1230 1607
1230 1965
1230 2020
1231 1354
1231 1385
1231 1519
1231 1707
1231 1708
1231 1717
1231 1883
1231 2019
1232 1614
1232 1617
1232 1680
1232 1754
1232 1824
1232 1943
1232 1968
1233 1523
1233 1526
1233 1589
1233 1824
1233 1839
1233 1842
1233 1857
1233 1898
1233 1938
1234 1585
1234 1773
1234 1780
1234 1789
1234 1849
1234 1854
1234 1872
1234 1889
1234 1981
1235 1498
1235 1501
1235 1589
1235 1680
1235 1707
1235 1714
1235 1723
1235 1889
1235 1972
1235 2001
1236 1640
1236 1643
1236 1658
1236 1728
1236 1733
1236 1751
1236 1938
1236 1981
1236 2022
1236 2023
1236 2025
1236 2044
1237 1654
1237 1686
1237 1693
1237 1723
1237 1789
1237 1997
1237 2028
1238 1572
1238 1621
1238 1624
1238 1658
1238 1685
1238 1693
1238 1714
1238 1780
1238 1857
1239 1569
1239 1637
1239 1701
1239 1706
1239 1751
1239 1808
1239 1872
1240 1562
1240 1619
1240 1624
1240 1643
1240 1816
1240 1842
1240 1912
1241 1551
1241 1795
1241 1877
1241 1878
1241 1880
1241 1906
1241 2044
1242 1550
1242 1698
1242 1706
1242 1733
1242 1805
1242 1854
1242 1918
1243 1513
1243 1619
1243 1621
1243 1640
1243 1793
1243 1839
1243 1914
1244 1489
1244 1501
1244 1526
1244 1617
1244 1865
1244 1866
1244 1880
1244 1913
1244 2025
1245 1557
1245 1685
1245 1686
1245 1707
1245 1773
1245 1864
1245 1866
1245 1878
1245 2023
1246 1510
1246 1630
1246 1801
1246 1864
1246 1865
1246 1877
1246 2022
1247 1489
1247 1498
1247 1523
1247 1614
1247 1698
1247 1701
1247 1728
1247 1849
1247 1900
1248 1418
1248 1421
1248 1484
1248 1717
1248 1824
1248 1871
1248 1908
1248 1910
1248 1919
1248 2019
1249 1480
1249 1639
1249 1765
1249 1766
1249 1800
1249 1855
1249 2032
1250 1393
1250 1396
1250 1484
1250 1680
1250 1699
1250 1700
1250 1734
1250 1855
1250 1894
1251 1672
1251 1688
1251 1689
1251 1734
1251 1800
1251 1962
1251 1982
1252 1664
1252 1666
1252 1675
1252 1794
1252 1939
1252 1941
1252 1959
1252 2008
1252 2019
1253 1467
1253 1597
1253 1881
1253 1903
1253 1905
1253 1923
1253 2008
1254 1464
1254 1596
1254 1777
1254 1873
1254 2027
1255 1457
1255 1684
1255 1689
1255 1700
1255 1766
1255 1888
1255 1890
1255 1923
1255 1959
1255 2031
1256 1446
1256 1634
1256 1636
1256 1675
1256 1684
1256 1688
1256 1699
1256 1765
1256 1919
1256 1991
1257 1445
1257 1627
1257 1756
1257 1774
1257 2006
1258 1408
1258 1632
1258 1636
1258 1666
1258 1851
1258 1910
1258 2002
1259 1384
1259 1396
1259 1421
1259 1617
1259 1749
1259 1850
1259 1884
1259 1890
1259 1905
1259 1941
1260 1452
1260 1632
1260 1634
1260 1664
1260 1748
1260 1846
1260 1908
1261 1405
1261 1623
1261 1884
1261 1888
1261 1903
1261 1939
1261 1976
1262 1384
1262 1393
1262 1418
1262 1614
1262 1844
1262 1975
1262 1998
1263 1548
1263 1813
1263 1834
1263 2010
1263 2011
1263 2012
1263 2047
1264 1379
1264 1382
1264 1484
1264 1589
1264 1747
1264 1852
1264 1947
1265 1444
1265 1447
1265 1462
1265 1581
1265 1713
1265 1797
1265 1938
1266 1458
1266 1573
1266 1575
1266 1584
1266 1703
1266 1953
1266 2019
1267 1425
1267 1428
1267 1462
1267 1506
1267 1811
1267 1857
1267 1917
1268 1441
1268 1505
1268 1770
1268 1992
1268 1994
1268 1999
1268 2014
1269 1423
1269 1428
1269 1447
1269 1759
1269 1760
1269 1761
1269 1842
1269 1971
1269 1973
1269 1978
1269 2014
1269 2047
1270 1543
1270 1545
1270 1584
1270 1790
1270 1919
1270 1965
1270 1967
1270 1978
1270 1999
1271 1536
1271 1691
1271 1891
1271 1964
1271 1967
1271 1973
1271 1994
1272 1423
1272 1425
1272 1444
1272 1541
1272 1545
1272 1575
1272 1690
1272 1839
1272 1910
1273 1370
1273 1382
1273 1421
1273 1526
1273 1696
1273 1964
1273 1965
1273 1971
1273 1992
1274 1541
1274 1543
1274 1573
1274 1739
1274 1740
1274 1761
1274 1764
1274 1908
1274 2012
1275 1434
1275 1532
1275 1738
1275 1740
1275 1760
1275 1785
1275 2011
1276 1370
1276 1379
1276 1418
1276 1523
1276 1738
1276 1739
1276 1759
1276 1886
1276 2010
1277 1433
1277 1440
1277 1449
1277 1530
1277 1531
1277 1565
1277 1669
1277 1855
1277 1889
1277 1987
1278 1454
1278 1459
1278 1477
1278 1519
1278 1520
1278 1565
1278 1635
1278 1800
1278 1981
1279 1412
1279 1419
1279 1449
1279 1625
1279 1789
1279 1966
1279 2016
1280 1411
1280 1419
1280 1440
1280 1493
1280 1780
1280 2018
1280 2021
1280 2024
1280 2040
1281 1427
1281 1432
1281 1477
1281 1492
1281 1823
1281 1872
1281 1902
1282 1515
1282 1520
1282 1531
1282 1681
1282 1682
1282 1683
1282 1766
1282 1895
1282 2047
1283 1515
1283 1519
1283 1530
1283 1765
1283 1916
1283 1954
1283 1957
1283 1960
1283 2040
1284 1424
1284 1432
1284 1459
1284 1587
1284 1613
1284 1854
1284 1911
1285 1381
1285 1612
1285 1892
1285 1945
1285 1948
1285 1960
1285 2024
1286 1580
1286 1618
1286 1798
1286 1944
1286 1948
1286 1957
1286 2021
1287 1411
1287 1412
1287 1433
1287 1579
1287 1661
1287 1662
1287 1683
1287 1773
1287 2012
1288 1378
1288 1660
1288 1662
1288 1682
1288 1796
1288 1907
1288 2011
1289 1424
1289 1427
1289 1454
1289 1660
1289 1661
1289 1681
1289 1849
1289 1944
1289 1945
1289 1954
1289 2010
1289 2018
1290 1507
1290 1508
1290 1565
1290 1653
1290 1734
1290 1920
1290 1921
1290 1927
1290 1950
1290 2043
1291 1400
1291 1407
1291 1449
1291 1559
1291 1723
1291 1875
1291 1876
1291 1882
1291 2043
1292 1399
1292 1407
1292 1440
1292 1667
1292 1714
1292 1869
1292 1970
1293 1468
1293 1542
1293 1626
1293 1757
1293 1942
1294 1476
1294 1503
1294 1508
1294 1531
1294 1700
1294 1935
1294 2038
1295 1455
1295 1503
1295 1507
1295 1530
1295 1646
1295 1699
1295 2036
1296 1465
1296 1539
1296 1601
1296 1843
1296 2026
1297 1453
1297 1600
1297 1836
1297 1837
1297 1882
1297 1927
1297 2007
1298 1368
1298 1382
1298 1396
1298 1501
1298 1732
1298 1841
1298 2004
1299 1399
1299 1400
1299 1433
1299 1620
1299 1707
1299 2003
1299 2017
1300 1461
1300 1641
1300 1730
1300 1833
1300 1837
1300 1876
1300 1921
1301 1368
1301 1379
1301 1393
1301 1498
1301 1833
1301 1836
1301 1875
1301 1920
1301 1928
1301 2015
1302 1602
1302 1820
1302 1821
1302 1827
1302 1929
1302 2000
1302 2043
1303 1389
1303 1392
1303 1462
1303 1591
1303 1658
1303 1814
1303 1893
1304 1404
1304 1409
1304 1477
1304 1583
1304 1615
1304 1751
1304 1885
1305 1387
1305 1392
1305 1447
1305 1502
1305 1508
1305 1520
1305 1643
1305 1689
1305 1915
1306 1482
1306 1483
1306 1485
1306 1502
1306 1507
1306 1519
1306 1688
1306 1883
1306 2044
1307 1401
1307 1409
1307 1459
1307 1500
1307 1733
1307 1788
1307 1904
1308 1387
1308 1389
1308 1444
1308 1561
1308 1640
1308 1781
1308 1782
1308 1827
1308 1927
1309 1470
1309 1471
1309 1485
1309 1560
1309 1595
1309 1786
1309 2025
1310 1469
1310 1471
1310 1483
1310 1556
1310 1609
1310 1901
1310 2023
1311 1469
1311 1470
1311 1482
1311 1496
1311 1778
1311 1782
1311 1821
1311 1921
1311 2022
1312 1401
1312 1404
1312 1454
1312 1554
1312 1728
1312 1778
1312 1781
1312 1820
1312 1920
1313 1397
1313 1407
1313 1419
1313 1568
1313 1570
1313 1588
1313 1673
1313 1693
1313 1848
1313 2008
1314 1395
1314 1521
1314 1736
1314 1840
1314 2045
1315 1472
1315 1553
1315 1555
1315 1588
1315 1729
1315 1870
1315 1959
1316 1466
1316 1497
1316 1499
1316 1584
1316 1675
1316 1750
1316 1838
1317 1478
1317 1518
1317 1647
1317 1745
1317 1859
1318 1474
1318 1495
1318 1499
1318 1575
1318 1666
1318 1726
1318 1771
1318 1772
1318 1827
1318 1882
1319 1473
1319 1549
1319 1555
1319 1570
1319 1594
1319 1941
1319 1990
1320 1397
1320 1400
1320 1412
1320 1495
1320 1497
1320 1573
1320 1664
1320 1686
1320 1856
1320 1988
1321 1388
1321 1549
1321 1553
1321 1568
1321 1741
1321 1768
1321 1772
1321 1821
1321 1876
1321 1939
1322 1460
1322 1642
1322 1768
1322 1771
1322 1820
1322 1875
1322 1986
1323 1488
1323 1806
1323 1831
1323 2029
1323 2030
1323 2035
1323 2041
1324 1385
1324 1392
1324 1428
1324 1544
1324 1546
1324 1588
1324 1624
1324 1799
1324 1923
1325 1377
1325 1616
1325 1752
1325 1755
1325 1758
1325 1829
1325 2040
1326 1376
1326 1638
1326 1769
1326 1983
1326 1984
1326 1989
1326 2041
1327 1385
1327 1389
1327 1425
1327 1621
1327 1743
1327 1746
1327 1758
1327 1979
1327 1980
1327 1989
1327 2024
1327 2035
1328 1540
1328 1546
1328 1570
1328 1742
1328 1746
1328 1755
1328 1767
1328 1905
1328 2021
1329 1397
1329 1399
1329 1411
1329 1537
1329 1685
1329 1977
1329 1980
1329 1984
1329 2030
1330 1540
1330 1544
1330 1568
1330 1611
1330 1903
1330 1977
1330 1979
1330 1983
1330 2029
1331 1535
1331 1633
1331 1742
1331 1743
1331 1752
1331 1792
1331 2018
1332 1380
1332 1663
1332 1665
1332 1670
1332 1712
1332 1791
1332 2014
1333 1417
1333 1592
1333 1657
1333 1659
1333 1670
1333 1828
1333 1999
1334 1398
1334 1409
1334 1432
1334 1516
1334 1656
1334 1659
1334 1665
1334 1706
1334 1955
1334 1956
1334 1961
1334 1994
1334 2041
1335 1415
1335 1534
1335 1709
1335 1951
1335 1952
1335 1961
1335 2035
1336 1533
1336 1656
1336 1657
1336 1663
1336 1694
1336 1926
1336 1992
1337 1375
1337 1606
1337 1924
1337 1949
1337 1952
1337 1956
1337 2030
1338 1386
1338 1577
1338 1692
1338 1949
1338 1951
1338 1955
1338 2029
1339 1398
1339 1404
1339 1427
1339 1576
1339 1701
1339 1784
1339 1922
1340 1442
1340 1502
1340 1503
1340 1515
1340 1650
1340 1652
1340 1670
1340 1684
1340 1978
1341 1420
1341 1586
1341 1649
1341 1652
1341 1665
1341 1835
1341 1973
1342 1385
1342 1387
1342 1423
1342 1582
1342 1619
1342 1708
1342 1822
1343 1538
1343 1546
1343 1555
1343 1649
1343 1650
1343 1663
1343 1819
1343 1890
1343 1971
1344 1374
1344 1604
1344 1605
1344 1683
1344 1761
1344 1818
1344 1832
1345 1416
1345 1538
1345 1544
1345 1553
1345 1603
1345 1605
1345 1682
1345 1760
1345 1888
1346 1436
1346 1578
1346 1603
1346 1604
1346 1681
1346 1759
1346 1783
1347 1373
1347 1648
1347 1652
1347 1659
1347 1715
1347 1826
1347 1967
1348 1413
1348 1491
1348 1499
1348 1545
1348 1636
1348 1722
1348 1725
1348 1758
1348 1960
1349 1430
1349 1431
1349 1485
1349 1648
1349 1650
1349 1657
1349 1721
1349 1725
1349 1755
1349 1880
1349 1957
1349 1965
1350 1429
1350 1431
1350 1483
1350 1491
1350 1497
1350 1543
1350 1634
1350 1817
1350 1878
1351 1429
1351 1430
1351 1482
1351 1564
1351 1608
1351 1711
1351 1877
1352 1435
1352 1563
1352 1721
1352 1722
1352 1752
1352 1815
1352 1954
1353 1439
1353 1571
1353 1593
1353 1933
1353 1934
1353 1961
1353 1989
1354 1438
1354 1512
1354 1648
1354 1649
1354 1656
1354 1763
1354 1964
1355 1511
1355 1812
1355 1830
1355 1931
1355 1934
1355 1956
1355 1984
1356 1414
1356 1490
1356 1710
1356 1931
1356 1933
1356 1955
1356 1983
1357 1398
1357 1401
1357 1424
1357 1567
1357 1629
1357 1698
1357 1810
1358 1437
1358 1529
1358 1719
1358 1725
1358 1746
1358 1804
1358 1948
1359 1491
1359 1495
1359 1541
1359 1632
1359 1803
1359 1930
1359 1934
1359 1952
1359 1980
1360 1369
1360 1762
1360 1772
1360 1782
1360 1837
1360 1930
1360 1933
1360 1951
1360 1979
1361 1566
1361 1719
1361 1722
1361 1743
1361 1762
1361 1771
1361 1781
1361 1836
1361 1945
1362 1426
1362 1431
1362 1471
1362 1509
1362 1802
1362 1866
1362 1899
1363 1426
1363 1430
1363 1470
1363 1538
1363 1540
1363 1549
1363 1687
1363 1865
1363 1884
1364 1368
1364 1370
1364 1384
1364 1489
1364 1719
1364 1721
1364 1742
1364 1897
1364 1944
1365 1426
1365 1429
1365 1469
1365 1598
1365 1605
1365 1662
1365 1740
1365 1864
1365 1930
1365 1931
1365 1949
1365 1977
1366 1528
1366 1598
1366 1604
1366 1661
1366 1739
1366 1807
1366 1896
1367 1558
1367 1598
1367 1603
1367 1660
1367 1738
1367 1762
1367 1768
1367 1778
1367 1833
1368 1704
1368 1824
1368 1977
1368 1996
1369 1626
1369 1893
1369 1896
1369 1909
1369 1942
1369 1973
1370 1680
1370 1838
1370 1845
1370 1853
1370 1902
1370 1934
1371 1603
1371 1783
1371 1790
1371 1798
1371 1934
1371 1999
1371 2021
1372 1727
1372 1730
1372 1743
1372 1802
1372 1973
1372 2035
1372 2036
1372 2037
1372 2047
1373 1740
1373 1764
1373 1771
1373 1798
1373 1853
1373 2038
1374 1669
1374 1710
1374 1713
1374 1743
1374 1763
1374 1771
1374 1790
1374 1845
1374 1909
1375 1667
1375 1725
1375 1778
1375 1869
1376 1661
1376 1708
1376 1713
1376 1730
1376 1876
1376 1896
1377 1651
1377 1858
1377 1925
1377 1926
1377 1927
1377 2047
1378 1650
1378 1775
1378 1867
1378 1958
1379 1617
1379 1708
1379 1710
1379 1727
1379 1856
1379 1893
1379 1955
1380 1594
1380 1916
1380 1917
1380 1927
1380 1954
1380 2037
1381 1656
1381 1763
1381 1764
1381 1783
1381 1838
1381 1915
1381 1917
1381 1926
1381 2036
1382 1614
1382 1718
1382 1863
1382 1915
1382 1916
1382 1925
1382 2035
1383 1535
1383 1792
1383 1921
1383 1950
1383 1952
1383 1959
1383 2033
1384 1589
1384 1726
1384 1831
1384 1832
1384 1862
1384 1907
1384 2041
1385 1512
1385 1776
1385 1777
1385 1807
1385 1907
1385 1938
1386 1755
1386 1766
1386 1767
1386 1807
1386 1862
1386 2007
1387 1748
1387 1750
1387 1757
1387 1857
1387 1974
1387 1976
1387 1990
1387 2026
1387 2033
1388 1578
1388 1688
1388 1946
1388 1948
1388 1962
1388 2026
1389 1576
1389 1687
1389 1842
1389 1922
1390 1570
1390 1762
1390 1767
1390 1777
1390 1832
1390 1933
1390 1935
1390 1962
1390 1990
1391 1560
1391 1722
1391 1724
1391 1757
1391 1762
1391 1766
1391 1776
1391 1831
1391 1959
1392 1559
1392 1716
1392 1825
1392 1839
1393 1526
1393 1720
1393 1724
1393 1750
1393 1904
1393 1952
1394 1503
1394 1820
1394 1903
1394 1929
1394 1935
1394 1948
1394 1976
1395 1565
1395 1720
1395 1722
1395 1748
1395 1819
1395 1950
1396 1523
1396 1712
1396 1929
1396 1933
1396 1946
1396 1974
1397 1648
1397 1873
1397 1889
1397 2027
1398 1499
1398 1818
1398 1905
1398 1981
1399 1558
1399 1561
1399 1574
1399 1677
1399 1789
1399 1860
1399 1973
1400 1571
1400 1670
1400 1672
1400 1679
1400 1780
1400 2033
1401 1541
1401 1544
1401 1574
1401 1610
1401 1872
1401 1909
1402 1556
1402 1609
1402 1836
1402 2013
1402 2015
1402 2019
1402 2029
1403 1539
1403 1544
1403 1561
1403 1827
1403 1896
1403 1998
1403 2000
1403 2004
1403 2029
1404 1644
1404 1646
1404 1679
1404 1854
1404 1959
1404 1993
1404 1995
1404 2004
1404 2019
1405 1638
1405 1769
1405 1992
1405 1995
1405 2000
1405 2015
1406 1539
1406 1541
1406 1558
1406 1642
1406 1646
1406 1672
1406 1768
1406 1893
1406 1952
1407 1490
1407 1773
1407 1992
1407 1993
1407 1998
1407 2013
1408 1642
1408 1644
1408 1670
1408 1812
1408 1830
1408 1950
1409 1549
1409 1634
1409 1811
1409 1849
1410 1548
1410 1555
1410 1563
1410 1632
1410 1633
1410 1663
1410 1752
1410 1907
1410 1934
1410 2011
1411 1567
1411 1622
1411 1623
1411 1663
1411 1723
1411 1862
1412 1529
1412 1536
1412 1563
1412 1714
1412 1853
1412 1994
1412 2031
1413 1528
1413 1536
1413 1555
1413 1598
1413 1845
1413 2032
1414 1543
1414 1597
1414 1881
1414 1945
1415 1618
1415 1623
1415 1633
1415 1761
1415 1832
1415 1939
1416 1618
1416 1622
1416 1632
1416 1831
1416 1957
1416 1986
1417 1540
1417 1681
1417 1703
1417 1953
1418 1501
1418 1702
1418 1936
1418 1979
1419 1676
1419 1707
1419 1861
1419 1978
1420 1528
1420 1529
1420 1548
1420 1675
1420 1746
1420 1838
1421 1498
1421 1745
1421 1859
1421 1949
1422 1611
1422 1612
1422 1663
1422 1739
1422 1807
1422 1960
1422 1983
1423 1518
1423 1525
1423 1563
1423 1658
1423 1798
1423 1924
1424 1517
1424 1525
1424 1555
1424 1751
1424 1790
1424 1919
1425 1579
1425 1643
1425 1715
1425 1826
1426 1586
1426 1607
1426 1612
1426 1633
1426 1777
1426 2044
1427 1568
1427 1607
1427 1611
1427 1632
1427 1733
1427 1776
1428 1577
1428 1640
1428 1692
1428 1897
1429 1566
1429 1691
1429 1891
1429 2025
1430 1488
1430 1806
1430 1895
1430 2023
1431 1517
1431 1518
1431 1548
1431 1709
1431 1783
1431 2022
1432 1573
1432 1728
1432 1804
1432 1888
1433 1693
1433 1879
1433 1965
1433 2020
1434 1508
1434 1511
1434 1574
1434 1743
1434 1874
1434 1937
1435 1522
1435 1678
1435 1705
1435 1930
1436 1506
1436 1511
1436 1561
1436 1606
1436 1612
1436 1623
1436 1730
1436 1767
1436 1956
1437 1590
1437 1591
1437 1592
1437 1606
1437 1611
1437 1622
1437 1766
1437 1928
1437 2047
1438 1519
1438 1605
1438 1852
1438 1947
1439 1506
1439 1508
1439 1558
1439 1660
1439 1727
1439 1846
1440 1581
1440 1582
1440 1592
1440 1659
1440 1686
1440 1850
1440 2037
1441 1580
1441 1582
1441 1591
1441 1699
1441 1944
1441 2036
1442 1580
1442 1581
1442 1590
1442 1601
1442 1843
1442 2035
1443 1515
1443 1525
1443 1536
1443 1666
1443 1668
1443 1682
1443 1771
1443 1901
1443 2026
1444 1514
1444 1624
1444 1809
1444 1894
1445 1653
1445 1655
1445 1682
1445 1803
1445 1920
1445 1990
1446 1602
1446 1604
1446 1679
1446 1757
1446 1821
1446 1892
1447 1587
1447 1621
1447 1817
1447 1911
1448 1584
1448 1600
1448 1604
1448 1672
1448 1750
1448 1800
1448 1837
1449 1583
1449 1649
1449 1655
1449 1668
1449 1685
1449 1976
1450 1515
1450 1518
1450 1529
1450 1600
1450 1602
1450 1670
1450 1748
1450 1764
1450 1908
1451 1507
1451 1649
1451 1653
1451 1666
1451 1813
1451 1834
1451 1974
1452 1593
1452 1886
1452 2039
1452 2040
1452 2043
1452 2046
1453 1504
1453 1511
1453 1544
1453 1645
1453 1647
1453 1682
1453 1713
1453 1962
1454 1497
1454 1706
1454 1822
1454 1884
1455 1496
1455 1835
1455 2008
1455 2009
1455 2012
1455 2046
1456 1504
1456 1508
1456 1541
1456 1710
1456 1815
1456 2005
1456 2006
1456 2012
1456 2043
1457 1641
1457 1647
1457 1668
1457 1814
1457 1833
1457 1948
1458 1515
1458 1517
1458 1528
1458 1763
1458 2003
1458 2006
1458 2009
1458 2040
1459 1641
1459 1645
1459 1666
1459 1701
1459 1946
1459 2003
1459 2005
1459 2008
1459 2039
1460 1500
1460 1747
1460 1749
1460 1753
1460 1788
1460 2029
1461 1534
1461 1742
1461 1744
1461 1753
1461 1883
1461 2019
1462 1516
1462 1619
1462 1741
1462 1744
1462 1749
1462 1987
1462 1988
1462 1991
1462 2015
1462 2046
1463 1532
1463 1636
1463 1785
1463 1984
1463 1985
1463 1991
1463 2043
1464 1635
1464 1741
1464 1742
1464 1747
1464 1772
1464 2013
1465 1495
1465 1696
1465 1982
1465 1985
1465 1988
1465 2040
1466 1505
1466 1770
1466 1982
1466 1984
1466 1987
1466 2039
1467 1606
1467 1607
1467 1618
1467 1736
1467 1738
1467 1753
1467 1762
1467 2004
1468 1537
1468 1735
1468 1738
1468 1749
1468 1890
1468 2000
1469 1504
1469 1506
1469 1539
1469 1708
1469 1784
1469 1880
1470 1639
1470 1647
1470 1655
1470 1735
1470 1736
1470 1747
1470 1878
1470 1935
1470 1998
1471 1494
1471 1695
1471 1877
1471 1887
1472 1533
1472 1639
1472 1645
1472 1653
1472 1694
1472 1933
1473 1493
1473 1734
1473 1738
1473 1744
1473 1791
1473 1995
1474 1530
1474 1596
1474 1604
1474 1646
1474 1724
1474 1797
1475 1546
1475 1547
1475 1592
1475 1734
1475 1736
1475 1742
1475 1796
1475 1927
1475 1993
1476 1545
1476 1547
1476 1591
1476 1596
1476 1602
1476 1644
1476 1722
1476 1926
1477 1545
1477 1546
1477 1590
1477 1698
1477 1787
1477 1925
1478 1554
1478 1684
1478 1969
1478 1970
1478 1991
1478 2012
1479 1553
1479 1616
1479 1734
1479 1735
1479 1741
1479 1829
1479 1992
1480 1615
1480 1885
1480 1967
1480 1970
1480 1988
1480 2009
1481 1531
1481 1595
1481 1786
1481 1967
1481 1969
1481 1987
1481 2008
1482 1552
1482 1631
1482 1794
1482 1866
1483 1596
1483 1600
1483 1642
1483 1720
1483 1865
1483 1966
1483 1970
1483 1985
1483 2006
1484 1489
1484 1828
1484 1966
1484 1969
1484 1984
1484 2005
1485 1542
1485 1547
1485 1582
1485 1613
1485 1864
1485 1917
1486 1542
1486 1546
1486 1581
1486 1639
1486 1641
1486 1649
1486 1765
1486 1916
1486 1929
1487 1542
1487 1545
1487 1580
1487 1689
1487 1915
1487 1966
1487 1967
1487 1982
1487 2003
1488 1781
1488 2003
1488 2017
1489 1715
1489 1937
1489 1940
1489 1951
1489 2000
1490 1892
1490 1899
1490 1906
1490 1945
1490 1970
1491 1694
1491 1847
1491 1854
1491 1861
1491 1970
1491 2019
1492 1801
1492 1804
1492 1815
1492 1864
1492 2000
1492 2043
1493 1830
1493 1837
1493 1861
1493 1906
1493 2044
1494 1752
1494 1786
1494 1789
1494 1815
1494 1829
1494 1837
1494 1854
1494 1899
1494 1951
1495 1751
1495 1843
1495 1919
1496 1746
1496 1784
1496 1789
1496 1804
1496 1940
1497 1737
1497 1910
1497 1963
1498 1736
1498 1840
1498 1989
1499 1784
1499 1786
1499 1801
1499 1908
1499 1937
1499 1987
1500 1685
1500 1957
1500 1986
1501 1741
1501 1829
1501 1830
1501 1847
1501 1892
1501 1956
1502 1637
1502 1855
1502 1983
1502 1985
1502 1990
1502 2042
1503 1800
1503 1886
1503 1887
1503 1913
1503 1949
1503 2046
1504 1616
1504 1841
1504 1842
1504 1868
1504 1949
1504 1973
1505 1832
1505 1833
1505 1868
1505 1913
1505 2025
1506 1819
1506 1821
1506 1826
1506 1909
1506 2001
1506 2042
1507 1674
1507 1766
1507 1980
1508 1673
1508 1765
1508 1896
1508 1961
1509 1668
1509 1828
1509 1833
1509 1842
1509 1887
1509 1969
1510 1659
1510 1797
1510 1799
1510 1826
1510 1828
1510 1832
1510 1841
1510 1886
1510 1990
1511 1658
1511 1882
1511 1893
1512 1795
1512 1799
1512 1821
1512 1947
1512 1985
1513 1607
1513 1879
1513 1946
1513 1965
1514 1663
1514 1795
1514 1797
1514 1819
1514 1878
1514 1983
1515 1734
1515 1922
1515 1934
1516 1604
1516 1877
1516 1948
1517 1657
1517 1660
1517 1671
1517 1853
1517 1912
1517 2000
1518 1753
1518 1755
1518 1760
1518 1845
1518 2042
1519 1642
1519 1645
1519 1671
1519 1700
1519 1951
1520 1699
1520 1891
1520 2028
1520 2030
1520 2033
1520 2039
1521 1640
1521 1645
1521 1660
1521 1940
1521 2018
1521 2020
1521 2023
1521 2039
1522 1731
1522 1733
1522 1760
1522 1990
1522 2014
1522 2016
1522 2023
1522 2033
1523 1835
1523 2013
1523 2016
1523 2020
1523 2030
1524 1640
1524 1642
1524 1657
1524 1729
1524 1733
1524 1755
1524 1834
1524 1937
1524 1985
1525 1595
1525 1838
1525 2013
1525 2014
1525 2018
1525 2028
1526 1729
1526 1731
1526 1753
1526 1885
1526 1983
1527 1648
1527 1655
1527 1662
1527 1720
1527 1721
1527 1747
1527 1822
1527 1949
1527 1970
1528 1665
1528 1711
1528 1712
1528 1747
1528 1798
1528 1913
1529 1631
1529 1638
1529 1662
1529 1790
1529 1906
1529 2015
1530 1630
1530 1638
1530 1655
1530 1689
1530 1899
1530 2041
1531 1644
1531 1688
1531 1979
1532 1707
1532 1712
1532 1721
1532 1887
1532 1974
1533 1707
1533 1711
1533 1720
1533 1886
1533 2010
1534 1641
1534 1761
1534 1780
1535 1779
1535 1971
1535 2005
1536 1758
1536 1783
1536 2004
1537 1630
1537 1631
1537 1648
1537 1757
1537 1892
1538 1701
1538 1702
1538 1747
1538 1812
1538 1868
1538 2008
1539 1621
1539 1628
1539 1662
1539 1743
1539 1861
1540 1620
1540 1628
1540 1655
1540 1854
1540 1959
1541 1675
1541 1730
1541 1791
1542 1697
1542 1702
1542 1721
1542 1842
1542 2047
1543 1666
1543 1697
1543 1701
1543 1720
1543 1841
1544 1727
1544 1770
1544 1941
1545 1664
1545 1769
1545 2037
1546 1593
1546 1939
1546 2036
1547 1620
1547 1621
1547 1648
1547 1785
1547 1847
1547 2035
1548 1771
1548 1993
1548 2034
1549 1612
1549 1615
1549 1671
1549 1815
1549 1923
1549 1972
1550 1625
1550 1759
1550 1782
1550 1966
1551 1610
1551 1615
1551 1660
1551 1696
1551 1702
1551 1712
1551 1804
1551 1833
1551 1988
1552 1683
1552 1696
1552 1701
1552 1711
1552 1832
1552 1964
1553 1622
1553 1905
1553 1981
1554 1610
1554 1612
1554 1657
1554 1745
1554 1801
1555 1677
1555 1744
1555 1764
1555 1903
1556 1676
1556 1776
1556 1978
1557 1618
1557 1628
1557 1638
1557 1750
1557 1837
1557 1944
1558 1713
1558 1870
1558 1938
1559 1739
1559 1865
1559 1960
1560 1693
1560 1695
1560 1760
1560 1826
1560 1936
1561 1681
1561 1710
1561 1953
1562 1679
1562 1691
1562 1695
1562 1755
1562 1821
1562 1862
1563 1678
1563 1735
1563 1763
1564 1618
1564 1621
1564 1631
1564 1691
1564 1693
1564 1753
1564 1819
1564 1830
1564 1950
1565 1684
1565 1931
1565 2045
1566 1608
1566 1615
1566 1645
1566 1732
1566 1789
1567 1602
1567 1880
1567 1929
1568 1601
1568 1890
1568 2026
1569 1608
1569 1612
1569 1642
1569 1786
1569 1875
1569 2024
1570 1728
1570 1874
1570 1888
1571 1618
1571 1620
1571 1630
1571 1829
1571 2022
1572 1605
1572 1818
1572 1820
1572 1823
1572 1852
1572 2039
1573 1636
1573 1814
1573 1816
1573 1823
1573 1928
1573 2033
1574 1619
1574 1708
1574 1813
1574 1816
1574 1820
1574 2011
1574 2030
1575 1634
1575 1724
1575 1849
1575 2009
1576 1723
1576 1813
1576 1814
1576 1818
1576 2028
1577 1600
1577 1773
1577 2007
1578 1696
1578 1697
1578 1707
1578 1809
1578 1811
1578 1823
1578 1828
1578 2023
1579 1808
1579 1811
1579 1820
1579 1935
1579 2020
1580 1608
1580 1610
1580 1640
1580 1784
1580 1848
1580 1927
1581 1726
1581 1808
1581 1809
1581 1818
1581 1926
1581 2018
1582 1599
1582 1925
1582 1932
1583 1598
1583 1807
1583 1811
1583 1816
1583 2016
1584 1632
1584 1687
1584 1695
1584 1733
1584 1799
1584 1860
1585 1647
1585 1807
1585 1809
1585 1814
1585 1859
1585 2014
1586 1646
1586 1687
1586 1693
1586 1731
1586 1797
1587 1654
1587 1762
1587 1997
1588 1653
1588 1706
1588 1807
1588 1808
1588 1813
1588 1884
1588 2013
1589 1705
1589 1930
1589 1995
1590 1652
1590 1719
1590 1857
1590 1917
1591 1687
1591 1691
1591 1729
1591 1795
1591 1916
1591 1994
1592 1643
1592 1703
1592 1915
1593 1846
1593 2022
1594 1791
1594 1972
1594 1975
1594 1984
1594 2020
1595 1936
1595 1979
1596 1772
1596 1900
1596 2033
1597 1863
1597 1866
1597 1875
1597 1915
1597 2020
1598 1885
1598 2047
1599 1822
1599 1850
1599 1853
1599 1875
1599 1884
1599 1984
1600 1897
1600 1959
1601 1848
1601 1853
1601 1866
1601 1975
1602 1810
1602 1952
1603 1809
1603 1894
1603 2012
1604 1848
1604 1850
1604 1863
1604 1950
1604 1972
1604 2011
1605 1763
1605 2010
1606 1725
1606 1907
1606 2008
1607 1862
1607 1931
1607 1932
1607 1954
1607 1982
1608 1706
1608 1895
1608 1896
1608 1918
1608 1982
1608 2000
1609 1887
1609 1888
1609 1918
1609 1954
1609 2037
1610 1878
1610 1951
1610 2021
1611 1756
1611 1832
1611 2006
1612 1831
1612 1940
1612 1991
1613 1883
1613 1888
1613 1896
1613 1932
1613 1997
1614 1744
1614 1860
1614 1883
1614 1887
1614 1895
1614 1931
1615 1743
1615 1937
1616 1858
1616 1981
1617 1697
1617 1980
1617 1993
1618 1807
1618 1961
1618 1970
1619 1695
1619 1925
1620 1742
1620 1745
1620 1754
1620 1906
1620 2020
1621 1823
1621 1899
1622 1729
1622 1732
1622 1754
1622 1777
1622 1984
1623 1776
1623 2038
1623 2040
1623 2042
1623 2045
1624 1727
1624 1732
1624 1745
1624 1975
1624 2032
1624 2034
1624 2036
1624 2045
1625 1805
1625 2029
1625 2031
1625 2036
1625 2042
1626 1890
1626 2028
1626 2031
1626 2034
1626 2040
1627 1727
1627 1729
1627 1742
1627 1803
1627 1889
1627 1972
1628 1686
1628 1892
1628 2028
1628 2029
1628 2032
1628 2038
1629 1734
1629 1795
1629 1796
1629 1818
1629 1880
1629 1982
1630 1749
1630 1787
1630 1788
1630 1818
1630 1861
1630 1954
1631 1719
1631 1854
1631 2030
1632 1718
1632 1767
1632 2046
1633 1731
1633 1766
1633 2005
1634 1783
1634 1788
1634 1796
1634 1932
1634 2001
1635 1783
1635 1787
1635 1795
1635 1931
1635 2027
1636 1728
1636 1845
1637 1844
1637 1998
1637 2024
1638 1847
1638 2023
1639 1778
1639 1779
1639 1818
1639 1918
1639 2026
1640 1710
1640 1815
1641 1709
1641 1990
1642 1757
1642 1804
1643 1774
1643 1779
1643 1796
1643 1896
1644 1750
1644 1774
1644 1778
1644 1795
1644 1895
1645 1801
1645 1836
1645 1976
1646 1748
1646 1835
1647 1684
1647 1974
1648 1837
1648 2014
1649 1702
1649 1705
1649 1754
1649 1875
1649 1962
1649 1999
1650 1714
1650 1827
1650 1994
1651 1700
1651 1705
1651 1745
1651 1773
1651 1779
1651 1788
1651 1866
1651 1888
1652 1773
1652 1778
1652 1787
1652 1887
1652 1992
1653 1711
1653 1948
1654 1700
1654 1702
1654 1742
1654 1817
1654 1863
1655 1816
1655 1830
1655 1946
1656 1707
1656 1821
1656 1978
1657 1789
1657 1920
1657 1973
1658 1812
1658 1916
1659 1771
1659 1971
1660 1761
1660 1786
1661 1760
1661 1769
1661 1913
1662 1759
1662 1808
1662 1829
1663 1762
1663 1967
1664 1698
1664 1705
1664 1732
1664 1806
1664 1853
1665 1693
1665 1927
1665 1965
1666 1692
1666 1935
1667 1698
1667 1702
1667 1729
1667 1850
1667 1924
1668 1802
1668 1923
1668 1933
1669 1877
1669 1879
1669 1881
1669 1905
1669 2045
1670 1724
1670 1874
1670 1876
1670 1881
1670 1964
1670 2042
1671 1708
1671 1784
1671 1873
1671 1876
1671 1879
1671 2040
1672 1722
1672 1799
1672 1902
1673 1798
1673 1873
1673 1874
1673 1877
1673 2038
1674 1773
1674 1774
1674 1783
1674 1870
1674 1872
1674 1881
1674 1883
1674 2036
1675 1869
1675 1872
1675 1879
1675 2034
1676 1698
1676 1700
1676 1727
1676 1848
1676 1901
1677 1800
1677 1869
1677 1870
1677 1877
1677 2032
1678 1689
1678 1868
1678 1872
1678 1876
1678 2031
1679 1720
1679 1765
1679 1912
1680 1868
1680 1870
1680 1874
1680 1911
1680 2029
1681 1740
1681 1828
1682 1739
1682 1868
1682 1869
1682 1873
1682 1929
1682 2028
1683 1738
1683 1794
1683 1909
1684 2035
1685 1999
1685 2002
1685 2009
1685 2034
1686 1971
1686 2005
1687 1943
1687 2042
1688 1914
1688 1917
1688 1924
1688 1956
1688 2034
1689 1930
1690 1880
1690 1903
1690 1906
1690 1924
1690 1929
1690 2009
1691 1941
1691 1990
1692 1901
1692 1906
1692 1917
1692 2002
1693 1871
1693 1985
1694 1870
1694 1938
1695 1901
1695 1903
1695 1914
1695 1983
1695 1999
1696 1949
1696 2026
1697 1913
1697 1967
1697 1968
1697 1986
1697 2007
1698 1939
1698 1940
1698 1958
1698 2007
1698 2020
1699 1932
1699 1933
1699 1958
1699 1986
1700 1926
1700 1984
1701 1825
1701 1887
1702 1886
1702 1975
1703 1928
1703 1933
1703 1940
1703 1968
1704 1816
1704 1912
1704 1928
1704 1932
1704 1939
1704 1967
1705 1815
1705 1972
1706 1910
1707 1868
1707 1991
1708 1963
1709 1814
1709 1817
1709 1824
1709 2034
1710 1881
1711 1803
1711 1806
1711 1824
1711 1842
1711 2009
1712 1841
1712 2044
1713 1801
1713 1806
1713 1817
1713 2002
1713 2041
1714 1867
1714 2039
1715 1935
1715 2038
1716 1801
1716 1803
1716 1814
1716 1865
1716 1934
1716 1999
1717 1807
1717 1858
1717 1859
1717 1877
1717 1927
1717 2007
1718 1820
1718 1851
1718 1852
1718 1877
1718 1986
1719 1794
1719 2040
1720 1793
1720 1833
1721 1805
1721 1832
1721 2024
1722 1847
1722 1852
1722 1859
1722 1968
1722 2021
1723 1847
1723 1851
1723 1858
1723 1967
1724 1802
1724 1899
1725 1898
1725 2018
1726 1843
1726 1844
1726 1877
1726 1958
1727 1786
1727 1875
1728 1785
1729 1826
1729 1866
1730 1839
1730 1844
1730 1859
1730 1940
1731 1821
1731 1839
1731 1843
1731 1858
1731 1939
1732 1863
1732 1891
1733 1819
1733 1890
1734 2029
1735 1779
1735 1782
1735 1824
1735 1924
1735 2019
1736 1790
1736 2015
1737 1777
1737 1782
1737 1817
1737 1838
1737 1844
1737 1852
1737 1917
1737 1933
1738 1838
1738 1843
1738 1851
1738 1932
1738 2013
1739 1787
1740 1777
1740 1779
1740 1814
1740 1914
1741 1783
1741 2004
1742 1853
1742 1960
1742 2000
1743 1957
1744 1837
1744 1998
1745 1850
1746 1835
1746 1954
1747 1828
1747 1995
1748 1775
1748 1782
1748 1806
1748 1906
1749 1771
1749 1993
1750 1770
1751 1775
1751 1779
1751 1803
1751 1903
1752 1925
1752 1948
1753 1799
1753 1923
1753 1992
1754 1784
1754 1848
1754 1922
1755 1797
1755 1945
1756 1838
1756 1839
1756 1847
1756 1920
1756 1928
1757 1919
1758 1775
1758 1777
1758 1801
1758 1901
1758 1944
1759 1767
1759 1918
1760 1795
1760 1831
1761 1883
1762 2043
1763 2019
1764 1998
1764 2024
1765 1977
1766 1955
1766 1988
1767 1966
1768 1927
1768 1946
1768 1965
1769 1976
1770 1944
1771 1921
1772 1920
1772 1973
1773 1982
1774 1954
1774 1995
1774 1996
1774 2010
1774 2025
1775 1974
1775 1975
1775 1989
1775 2025
1775 2034
1776 1968
1776 1969
1776 1989
1776 2010
1777 2009
1778 1882
1778 1932
1779 1931
1779 2002
1780 1964
1780 1969
1780 1975
1780 1996
1781 1876
1781 1964
1781 1968
1781 1974
1781 1995
1782 1875
1782 1999
1783 1918
1785 1874
1787 1865
1787 1896
1788 1895
1788 2047
1789 1863
1789 2046
1790 2045
1791 2044
1792 1868
1792 1910
1792 1911
1792 1925
1792 2025
1793 1879
1793 1904
1793 1905
1793 1925
1793 2010
1794 1857
1795 1856
1795 1888
1796 1867
1796 1887
1797 1900
1797 1905
1797 1911
1797 1996
1798 1900
1798 1904
1798 1910
1798 1995
1799 1864
1800 1897
1800 1898
1800 1925
1800 1989
1801 1850
1801 1924
1802 1849
1803 1917
1804 1893
1804 1898
1804 1911
1804 1975
1805 1893
1805 1897
1805 1910
1805 1974
1806 1914
1807 2039
1808 1844
1808 2033
1809 1854
1809 2030
1810 1842
1810 1892
1810 1898
1810 1905
1810 1969
1811 1892
1811 1897
1811 1904
1811 1968
1811 2028
1812 1851
1813 1847
1813 2023
1814 1906
1814 2020
1816 2018
1817 1903
1818 1883
1818 2016
1819 1840
1820 1837
1820 2014
1821 1836
1822 1963
1823 1962
1823 2013
1824 1848
1824 1901
1824 1961
1825 1892
1825 1893
1825 1900
1825 1960
1825 1964
1826 1959
1827 1833
1827 1958
1829 2033
1830 2018
1831 2003
1832 1987
1833 1994
1834 1980
1834 1993
1836 1978
1838 2007
1839 1986
1839 2016
1839 2017
1839 2027
1839 2037
1840 2001
1840 2002
1840 2012
1840 2037
1841 1996
1841 1997
1841 2012
1841 2027
1843 1968
1844 1967
1845 1992
1845 1997
1845 2002
1845 2017
1846 1992
1846 1996
1846 2001
1846 2016
1847 1958
1849 1923
1851 1916
1851 1940
1852 1939
1853 1914
1855 1918
1855 1952
1855 1953
1855 1963
1855 2037
1856 1947
1856 1948
1856 1963
1856 2027
1857 1909
1858 1908
1858 1933
1859 1932
1860 1943
1860 1948
1860 1953
1860 2017
1861 1943
1861 1947
1861 1952
1861 2016
1862 1941
1862 1942
1862 1963
1862 2012
1863 1903
1864 1902
1866 1937
1866 1942
1866 1953
1866 2002
1867 1937
1867 1941
1867 1952
1867 2001
1868 2045
1869 1898
1869 2042
1870 2040
1871 1896
1871 1936
1871 1942
1871 1948
1871 1997
1872 1936
1872 1941
1872 1947
1872 1996
1872 2038
1873 1900
1873 2036
1874 2034
1876 2032
1877 1928
1877 2031
1878 1894
1879 2029
1881 2028
1882 1936
1882 1937
1882 1943
1882 1992
1884 2042
1885 2032
1886 2022
1887 2011
1888 2015
1889 2006
1889 2014
1891 2004
1892 2025
1893 2010
1893 2031
1894 2021
1895 2017
1897 1996
1898 1995
1899 2013
1900 1989
1902 1962
1904 1957
1904 1975
1905 1974
1906 1955
1907 1958
1907 1985
1908 1981
1909 1951
1910 1950
1910 1969
1911 1968
1912 1977
1913 1976
1914 1946
1915 1945
1917 1972
1919 1942
1921 1940
1921 1971
1922 1943
1925 1964
1926 1938
1930 2041
1931 2035
1933 2030
1934 2029
1936 2037
1937 2027
1941 2017
1942 2016
1943 2012
1947 2002
1948 2001
1949 1989
1951 1984
1952 1983
1952 1997
1953 1996
1955 1980
1956 1979
1961 1977
1963 1992
1966 2046
1967 2043
1969 2040
1970 2039
1982 2012
1984 2009
1985 2008
1987 2006
1988 2005
1991 2003
